Title,Premiere,is_book_adaptation,book_title,book_author
Beasts of No Nation,16/10/2015,y,Beasts of No Nation,Uzodinma Iweala
The Ridiculous 6,11/12/2015,n,,
"Crouching Tiger, Hidden Dragon: Sword of Destiny",26/02/2016,y,"Iron Knight, Silver Vase",Wang Dulu
Pee-wee's Big Holiday,18/03/2016,n,,
Special Correspondents,29/04/2016,n,,
The Do-Over,27/05/2016,n,,
The Fundamentals of Caring,24/06/2016,y,The Revised Fundamentals of Caregiving,Jonathan Evison
Brahman Naman,07/07/2016,n,,
Rebirth,15/07/2016,n,,
Tallulah,29/07/2016,n,,
XOXO,26/08/2016,n,,
ARQ,16/09/2016,n,,
The Siege of Jadotville,07/10/2016,n,,
Mascots,13/10/2016,n,,
I Am the Pretty Thing That Lives in the House,28/10/2016,n,,
7 aÃ±os,28/10/2016,n,,
True Memoirs of an International Assassin,11/11/2016,n,,
Mercy,22/11/2016,n,,
Spectral,09/12/2016,n,,
Barry,16/12/2016,n,,
Coin Heist,06/01/2017,y,Coin Heist,Elisa Ludwig
Clinical,13/01/2017,n,,
Take the 10,20/01/2017,n,,
iBOY,27/01/2017,y,iBoy,Kevin Brooks
Imperial Dreams,03/02/2017,n,,
Girlfriend's Day,14/02/2017,n,,
I Don't Feel at Home in This World Anymore,24/02/2017,n,,
Burning Sands,10/03/2017,n,,
Deidra & Laney Rob a Train,17/03/2017,n,,
The Most Hated Woman in America,24/03/2017,n,,
The Discovery,31/03/2017,n,,
Win It All,07/04/2017,n,,
Sandy Wexler,14/04/2017,n,,
Sand Castle,21/04/2017,n,,
Tramps,21/04/2017,n,,
Small Crimes,28/04/2017,n,,
Handsome: A Netflix Mystery Movie,05/05/2017,n,,
BLAME!,20/05/2017,y,Blame!,Tsutomu Nihei
War Machine,26/05/2017,n,,
Shimmer Lake,09/06/2017,n,,
Okja,28/06/2017,n,,
To the Bone,14/07/2017,n,,
The Incredible Jessica James,28/07/2017,n,,
Naked,11/08/2017,n,,
Death Note,25/08/2017,y,Death Note,Tsugumi Ohba & Takeshi Obata
Little Evil,01/09/2017,n,,
#realityhigh,08/09/2017,n,,
First They Killed My Father,15/09/2017,y,First They Killed My Father: A Daughter of Cambodia Remembers,Loung Ung
Gerald's Game,29/09/2017,y,Gerald's Game,Stephen King
Our Souls at Night,29/09/2017,y,Our Souls at Night,Kent Haruf
Bomb Scared,12/10/2017,n,,
The Babysitter,13/10/2017,n,,
The Meyerowitz Stories (New and Selected),13/10/2017,n,,
1922,20/10/2017,y,"1922 (from Full Dark, No Stars)",Stephen King
Wheelman,20/10/2017,n,,
The Killer,10/11/2017,n,,
A Christmas Prince,17/11/2017,n,,
El Camino Christmas,08/12/2017,n,,
Christmas Inheritance,15/12/2017,n,,
Bright,22/12/2017,n,,
My Own Man,06/03/2015,n,,
The Other One: The Long Strange Trip of Bob Weir,22/05/2015,n,,
Hot Girls Wanted,29/05/2015,n,,
"What Happened, Miss Simone?",26/06/2015,n,,
Tig,17/07/2015,n,,
Keith Richards: Under the Influence,18/09/2015,n,,
Winter on Fire: Ukraine's Fight for Freedom,09/10/2015,n,,
My Beautiful Broken Brain,18/03/2016,n,,
Team Foxcatcher,29/04/2016,n,,
Tony Robbins: I Am Not Your Guru,15/07/2016,n,,
I'll Sleep When I'm Dead,19/08/2016,n,,
Extremis,13/09/2016,n,,
The White Helmets,16/09/2016,n,,
Audrie & Daisy,23/09/2016,n,,
Amanda Knox,30/09/2016,n,,
13th,07/10/2016,n,,
Sky Ladder: The Art of Cai Guo-Qiang,14/10/2016,n,,
Into the Inferno,28/10/2016,n,,
The Ivory Game,04/11/2016,n,,
Casting JonBenet,28/04/2017,n,,
The Mars Generation,05/05/2017,n,,
Get Me Roger Stone,12/05/2017,n,,
Laerte-se,19/05/2017,n,,
Joshua: Teenager vs. Superpower,26/05/2017,n,,
CounterPunch,16/06/2017,n,,
Nobody Speak: Trials of the Free Press,23/06/2017,n,,
Chasing Coral,14/07/2017,n,,
Icarus,04/08/2017,n,,
Resurface,01/09/2017,n,,
Heroin(e),12/09/2017,n,,
Strong Island,15/09/2017,n,,
Gaga: Five Foot Two,22/09/2017,n,,
Long Shot,29/09/2017,n,,
The Death and Life of Marsha P. Johnson,06/10/2017,n,,
Kingdom of Us,13/10/2017,n,,
One of Us,20/10/2017,n,,
Joan Didion: The Center Will Not Hold,27/10/2017,n,,
"Jim & Andy: The Great Beyond â€“ Featuring a Very Special, Contractually Obligated Mention of Tony Clifton",17/11/2017,n,,
Saving Capitalism,21/11/2017,n,,
Cuba and the Cameraman,24/11/2017,n,,
Voyeur,01/12/2017,n,,
A Very Murray Christmas,04/12/2015,n,,
Justin Timberlake + The Tennessee Kids,12/10/2016,n,,
13th: A Conversation with Oprah Winfrey & Ava DuVernay,26/01/2017,n,,
"Michael Bolton's Big, Sexy Valentine's Day Special",07/02/2017,n,,
Rodney King,28/04/2017,n,,
"Barbra: The Music, The Mem'ries, The Magic",22/11/2017,n,,
The Polka King,12/01/2018,n,,
Step Sisters,19/01/2018,n,,
The Open House,19/01/2018,n,,
A Futile and Stupid Gesture,26/01/2018,y,A Futile and Stupid Gesture: How Doug Kenney and National Lampoon Changed Comedy Forever,Josh Karp
The Cloverfield Paradox,04/02/2018,n,,
When We First Met,09/02/2018,n,,
Love Per Square Foot,14/02/2018,n,,
Irreplaceable You,16/02/2018,n,,
Mute,23/02/2018,n,,
The Outsider,09/03/2018,n,,
Benji,16/03/2018,n,,
"Game Over, Man!",23/03/2018,n,,
Paradox,23/03/2018,n,,
Roxanne Roxanne,23/03/2018,n,,
Happy Anniversary,30/03/2018,n,,
First Match,30/03/2018,n,,
6 Balloons,06/04/2018,n,,
Amateur,06/04/2018,y,Amateur,Walter Dean Myers
Come Sunday,13/04/2018,n,,
I Am Not an Easy Man,13/04/2018,n,,
Dude,20/04/2018,n,,
Candy Jar,27/04/2018,n,,
The Week Of,27/04/2018,n,,
Sometimes,01/05/2018,n,,
Forgive Us Our Debts,04/05/2018,n,,
The Kissing Booth,11/05/2018,y,The Kissing Booth,Beth Reekles
Cargo,18/05/2018,n,,
Ibiza,25/05/2018,n,,
Sara's Notebook,25/05/2018,n,,
Alex Strangelove,08/06/2018,n,,
Set It Up,15/06/2018,n,,
Lust Stories,15/06/2018,n,,
"To Each, Her Own",24/06/2018,n,,
Calibre,29/06/2018,n,,
TAU,29/06/2018,n,,
The Legacy of a Whitetail Deer Hunter,06/07/2018,n,,
How It Ends,13/07/2018,n,,
Father of the Year,20/07/2018,n,,
Duck Duck Goose,20/07/2018,n,,
Extinction,27/07/2018,n,,
Brij Mohan Amar Rahe,03/08/2018,n,,
Like Father,03/08/2018,n,,
The Package,10/08/2018,n,,
To All the Boys I've Loved Before,17/08/2018,y,To All the Boys I've Loved Before,Jenny Han
The After Party,24/08/2018,n,,
Sierra Burgess Is a Loser,07/09/2018,n,,
The Most Assassinated Woman in the World,07/09/2018,n,,
On My Skin,12/09/2018,n,,
The Land of Steady Habits,14/09/2018,y,The Land of Steady Habits,Ted Thompson
The Angel,14/09/2018,n,,
Nappily Ever After,21/09/2018,y,Nappily Ever After,Trisha R. Thomas
Hold the Dark,28/09/2018,y,Hold the Dark,William Giraldi
Private Life,05/10/2018,n,,
22-Jul,10/10/2018,n,,
Apostle,12/10/2018,n,,
The Night Comes for Us,19/10/2018,n,,
Been So Long,26/10/2018,n,,
The Holiday Calendar,02/11/2018,n,,
The Other Side of the Wind,02/11/2018,n,,
Outlaw King,09/11/2018,n,,
The Princess Switch,16/11/2018,n,,
Cam,16/11/2018,n,,
The Ballad of Buster Scruggs,16/11/2018,n,,
The Christmas Chronicles,22/11/2018,n,,
A Christmas Prince: The Royal Wedding,30/11/2018,n,,
Rajma Chawal,30/11/2018,n,,
5 Star Christmas,07/12/2018,n,,
Mowgli: Legend of the Jungle,07/12/2018,y,The Jungle Book,Rudyard Kipling
Roma,14/12/2018,n,,
Bird Box,21/12/2018,y,Bird Box,Josh Malerman
Seeing Allred,09/02/2018,n,,
The Trader,09/02/2018,n,,
Ladies First,08/03/2018,n,,
Take Your Pills,16/03/2018,n,,
"Ram Dass, Going Home",06/04/2018,n,,
Mercury 13,20/04/2018,n,,
The Rachel Divide,27/04/2018,n,,
End Game,04/05/2018,n,,
Recovery Boys,29/06/2018,n,,
The Bleeding Edge,27/07/2018,n,,
City of Joy,07/09/2018,n,,
Reversing Roe,13/09/2018,n,,
Quincy,21/09/2018,n,,
Two Catalonias,28/09/2018,n,,
Lessons from a School Shooting: Notes from Dunblane,28/09/2018,n,,
Feminists: What Were They Thinking?,12/10/2018,n,,
ReMastered: Who Shot the Sheriff?,12/10/2018,n,,
Shirkers,26/10/2018,n,,
They'll Love Me When I'm Dead,02/11/2018,n,,
ReMastered: Tricky Dick & the Man in Black,02/11/2018,n,,
The American Meme,07/12/2018,n,,
ReMastered: Who Killed Jam Master Jay?,07/12/2018,n,,
"Out of Many, One",12/12/2018,n,,
Struggle: The Life and Lost Art of Szukalski,21/12/2018,n,,
Loudon Wainwright III: Surviving Twin,13/11/2018,n,,
Angela's Christmas,30/11/2018,y,Angela's Christmas (from Angela's Ashes),Frank McCourt
Springsteen on Broadway,16/12/2018,n,,
Porta dos Fundos: The Last Hangover,21/12/2018,n,,
Black Mirror: Bandersnatch,28/12/2018,n,,
Taylor Swift: Reputation Stadium Tour,31/12/2018,n,,
Zion,10/08/2018,n,,
Lionheart,04/01/2019,n,,
The Last Laugh,11/01/2019,n,,
IO,18/01/2019,n,,
Soni,18/01/2019,n,,
Polar,25/01/2019,y,Polar,Víctor Santos
Velvet Buzzsaw,01/02/2019,n,,
High Flying Bird,08/02/2019,n,,
Firebrand,22/02/2019,n,,
Paris Is Us,22/02/2019,n,,
Paddleton,22/02/2019,n,,
Walk. Ride. Rodeo.,08/03/2019,n,,
Juanita,08/03/2019,n,,
Triple Frontier,13/03/2019,n,,
Altered Carbon: Resleeved,19/03/2020,n,,
The Dirt,22/03/2019,y,The Dirt: Confessions of the World's Most Notorious Rock Band,Mötley Crüe & Neil Strauss
The Highwaymen,29/03/2019,n,,
15-Aug,29/03/2019,n,,
Unicorn Store,05/04/2019,n,,
Who Would You Take to a Deserted Island?,12/04/2019,n,,
The Perfect Date,12/04/2019,y,The Stand-In,Steve Bloom
Someone Great,19/04/2019,n,,
Music Teacher,19/04/2019,n,,
Despite Everything,03/05/2019,n,,
The Last Summer,03/05/2019,n,,
Wine Country,10/05/2019,n,,
Good Sam,16/05/2019,y,Good Sam,Dete Meserve
See You Yesterday,17/05/2019,n,,
Rim of the World,24/05/2019,n,,
The Perfection,24/05/2019,n,,
Always Be My Maybe,31/05/2019,n,,
Chopsticks,31/05/2019,n,,
Elisa & Marcela,07/06/2019,n,,
Murder Mystery,14/06/2019,n,,
Beats,19/06/2019,n,,
Point Blank,12/07/2019,n,,
Secret Obsession,18/07/2019,n,,
The Red Sea Diving Resort,31/07/2019,n,,
Otherhood,02/08/2019,y,Whatever Makes You Happy,William Sutcliffe
Jaoon Kahan Bata Ae Dil,09/08/2019,n,,
Invader Zim: Enter the Florpus,16/08/2019,n,,
Sextuplets,16/08/2019,n,,
Falling Inn Love,29/08/2019,n,,
Back to School,30/08/2019,n,,
Tall Girl,13/09/2019,n,,
Between Two Ferns: The Movie,20/09/2019,n,,
In the Shadow of the Moon,27/09/2019,n,,
In the Tall Grass,04/10/2019,y,In the Tall Grass,Stephen King & Joe Hill
El Camino: A Breaking Bad Movie,11/10/2019,n,,
Fractured,11/10/2019,n,,
The Forest of Love,11/10/2019,n,,
Street Flow,12/10/2019,n,,
Eli,18/10/2019,n,,
Seventeen,18/10/2019,n,,
The Laundromat,18/10/2019,n,,
Upstarts,18/10/2019,n,,
Dolemite Is My Name,25/10/2019,n,,
Rattlesnake,25/10/2019,n,,
The King,01/11/2019,y,"Henry IV, Part 1; Henry IV, Part 2; Henry V",William Shakespeare
American Son,01/11/2019,n,,
Drive,01/11/2019,n,,
Holiday in the Wild,01/11/2019,n,,
Let It Snow,08/11/2019,y,Let It Snow: Three Holiday Romances,"John Green, Maureen Johnson & Lauren Myracle"
Earthquake Bird,15/11/2019,y,Earthquake Bird,Susanna Jones
House Arrest,15/11/2019,n,,
Klaus,15/11/2019,n,,
The Knight Before Christmas,21/11/2019,n,,
The Irishman,27/11/2019,y,I Heard You Paint Houses,Charles Brandt
Holiday Rush,28/11/2019,n,,
Dead Kids,01/12/2019,n,,
A Christmas Prince: The Royal Baby,05/12/2019,n,,
Marriage Story,06/12/2019,n,,
6 Underground,13/12/2019,n,,
The Two Popes,20/12/2019,n,,
Como caÃ­do del cielo,24/12/2019,n,,
The App,26/12/2019,n,,
ReMastered: Massacre at the Stadium,11/01/2019,n,,
Fyre: The Greatest Party That Never Happened,18/01/2019,n,,
ReMastered: The Two Killings of Sam Cooke,08/02/2019,n,,
Period. End of Sentence.,12/02/2019,n,,
Antoine Griezmann: The Making of a Legend,21/03/2019,n,,
ReMastered: The Miami Showband Massacre,22/03/2019,n,,
The Legend of Cocaine Island,29/03/2019,n,,
Homecoming: A Film by BeyoncÃ©,17/04/2019,n,,
BrenÃ© Brown: The Call to Courage,19/04/2019,n,,
Grass Is Greener,20/04/2019,n,,
ReMastered: Devil at the Crossroads,26/04/2019,n,,
Knock Down the House,01/05/2019,n,,
All in My Family,03/05/2019,n,,
ReMastered: The Lion's Share,17/05/2019,n,,
A Tale of Two Kitchens,22/05/2019,n,,
After Maria,24/05/2019,n,,
The Black Godfather,07/06/2019,n,,
Rolling Thunder Revue: A Bob Dylan Story by Martin Scorsese,12/06/2019,n,,
Life Overtakes Me,14/06/2019,n,,
The Edge of Democracy,19/06/2019,n,,
Parchis: The Documentary,10/07/2019,n,,
The Great Hack,24/07/2019,n,,
Enter the Anime,05/08/2019,n,,
American Factory,21/08/2019,n,,
Travis Scott: Look Mom I Can Fly,28/08/2019,n,,
Evelyn,10/09/2019,n,,
"Hello, Privilege. It's Me, Chelsea",13/09/2019,n,,
Los Tigres del Norte at Folsom Prison,15/09/2019,n,,
Birders,25/09/2019,n,,
Ghosts of Sugar Land,16/10/2019,n,,
Tell Me Who I Am,18/10/2019,n,,
Dancing with the Birds,23/10/2019,n,,
It Takes a Lunatic,25/10/2019,n,,
A 3 Minute Hug,28/10/2019,n,,
Fire in Paradise,01/11/2019,n,,
"Bikram: Yogi, Guru, Predator",20/11/2019,n,,
"Lorena, Light-Footed Woman",20/11/2019,n,,
After the Raid,19/12/2019,n,,
El Pepe: A Supreme Life,27/12/2019,n,,
Kevin Hart's Guide to Black History,08/02/2019,n,,
Still Laugh-In: The Stars Celebrate,14/05/2019,n,,
The Lonely Island Presents: The Unauthorized Bash Brothers Experience,23/05/2019,n,,
"Frankenstein's Monster's Monster, Frankenstein",16/07/2019,n,,
Rocko's Modern Life: Static Cling,09/08/2019,n,,
Sturgill Simpson Presents: Sound & Fury,27/09/2019,n,,
The Irishman: In Conversation,27/11/2019,n,,
Porta dos Fundos: The First Temptation of Christ,03/12/2019,n,,
John Mulaney & the Sack Lunch Bunch,24/12/2019,n,,
Anima,27/06/2019,n,,
American Factory: A Conversation with the Obamas,21/08/2019,n,,
Little Miss Sumo,28/10/2019,n,,
The Road to El Camino: A Breaking Bad Movie,29/10/2019,n,,
Ghost Stories,01/01/2020,n,,
A Fall from Grace,17/01/2020,n,,
Airplane Mode,23/01/2020,n,,
Horse Girl,07/02/2020,n,,
To All the Boys: P.S. I Still Love You,12/02/2020,y,P.S. I Still Love You,Jenny Han
Isi & Ossi,14/02/2020,n,,
The Last Thing He Wanted,21/02/2020,y,The Last Thing He Wanted,Joan Didion
Yeh Ballet,21/02/2020,n,,
All the Bright Places,28/02/2020,y,All the Bright Places,Jennifer Niven
Guilty,06/03/2020,n,,
Spenser Confidential,06/03/2020,y,Spenser,Robert B. Parker
Lost Girls,13/03/2020,y,Lost Girls: An Unsolved American Mystery,Robert Kolker
Ultras,20/03/2020,n,,
The Occupant,25/03/2020,n,,
Maska,27/03/2020,n,,
The Decline,27/03/2020,n,,
Uncorked,27/03/2020,n,,
Coffee & Kareem,03/04/2020,n,,
The Main Event,10/04/2020,n,,
Love Wedding Repeat,10/04/2020,n,,
Tigertail,10/04/2020,n,,
Earth and Blood,17/04/2020,n,,
Rising High,17/04/2020,n,,
Sergio,17/04/2020,y,Chasing the Flame: Sergio Vieira de Mello and the Fight to Save the World,Samantha Power
The Willoughbys,22/04/2020,y,The Willoughbys,Lois Lowry
Time to Hunt,23/04/2020,n,,
Extraction,24/04/2020,n,,
Dangerous Lies,30/04/2020,y,Dangerous Lies,Becca Fitzpatrick
Rich in Love,30/04/2020,n,,
All Day and a Night,01/05/2020,n,,
Mrs. Serial Killer,01/05/2020,n,,
The Half of It,01/05/2020,n,,
The Wrong Missy,13/05/2020,n,,
The Lovebirds,22/05/2020,n,,
I'm No Longer Here,27/05/2020,n,,
Intuition,28/05/2020,n,,
Choked: Paisa Bolta Hai,05/06/2020,n,,
The Last Days of American Crime,05/06/2020,n,,
Da 5 Bloods,12/06/2020,n,,
A Whisker Away,18/06/2020,n,,
Feel the Beat,19/06/2020,n,,
Lost Bullet,19/06/2020,n,,
One-Way to Tomorrow,19/06/2020,n,,
Bulbbul,24/06/2020,n,,
Nobody Knows I'm Here,24/06/2020,n,,
Eurovision Song Contest: The Story of Fire Saga,26/06/2020,n,,
Under the Riccione Sun,01/07/2020,n,,
Desperados,03/07/2020,n,,
The Old Guard,10/07/2020,y,The Old Guard,Greg Rucka & Leandro Fernández
The Players,15/07/2020,n,,
Fatal Affair,16/07/2020,n,,
Offering to the Storm,24/07/2020,y,Offering to the Storm,Dolores Redondo
The Kissing Booth 2,24/07/2020,y,The Kissing Booth 2: Going the Distance,Beth Reekles
Seriously Single,31/07/2020,n,,
Raat Akeli Hai,31/07/2020,n,,
Work It,07/08/2020,n,,
Gunjan Saxena: The Kargil Girl,12/08/2020,y,The Kargil Girl,Gunjan Saxena & Pooja Pradhan
Project Power,14/08/2020,n,,
Fearless,14/08/2020,n,,
Crazy Awesome Teachers,17/08/2020,n,,
The Crimes That Bind,20/08/2020,y,The Crimes That Bind,Dolores Redondo
The Sleepover,21/08/2020,n,,
Class of '83,21/08/2020,n,,
Dark Forces,21/08/2020,n,,
All Together Now,28/08/2020,n,,
Unknown Origins,28/08/2020,n,,
Freaks â€“ You're One of Us,02/09/2020,n,,
"Love, Guaranteed",03/09/2020,y,"Love, Guaranteed",Rachel Leigh
I'm Thinking of Ending Things,04/09/2020,y,I'm Thinking of Ending Things,Iain Reid
The Babysitter: Killer Queen,10/09/2020,n,,
Dad Wanted,11/09/2020,n,,
The Devil All the Time,16/09/2020,y,The Devil All the Time,Donald Ray Pollock
The Paramedic,16/09/2020,n,,
Dolly Kitty Aur Woh Chamakte Sitare,18/09/2020,n,,
Whipped,18/09/2020,n,,
The Boys in the Band,30/09/2020,n,,
All Because of You,01/10/2020,n,,
Ã’lÃ²tÅ«rÃ©,02/10/2020,n,,
Serious Men,02/10/2020,n,,
The Binding,02/10/2020,n,,
Vampires vs. the Bronx,02/10/2020,n,,
You've Got This,02/10/2020,n,,
Hubie Halloween,07/10/2020,n,,
Ginny Weds Sunny,09/10/2020,n,,
The Forty-Year-Old Version,09/10/2020,n,,
A Babysitter's Guide to Monster Hunting,15/10/2020,y,A Babysitter’s Guide to Monster Hunting,Joe Ballarini
Love Like the Falling Rain,15/10/2020,n,,
The Trial of the Chicago 7,16/10/2020,n,,
Rebecca,21/10/2020,y,Rebecca,Daphne du Maurier
Cadaver,22/10/2020,n,,
Over the Moon,23/10/2020,n,,
Holidate,28/10/2020,n,,
Nobody Sleeps in the Woods Tonight,28/10/2020,n,,
His House,30/10/2020,n,,
Kaali Khuhi,30/10/2020,n,,
Rogue City,30/10/2020,n,,
The Day of the Lord,30/10/2020,n,,
Operation Christmas Drop,05/11/2020,n,,
Citation,06/11/2020,n,,
What We Wanted,11/11/2020,n,,
Ludo,12/11/2020,n,,
Jingle Jangle: A Christmas Journey,13/11/2020,n,,
The Life Ahead,13/11/2020,y,The Life Before Us,Romain Gary
The Princess Switch: Switched Again,19/11/2020,n,,
Christmas on the Square,22/11/2020,n,,
Hillbilly Elegy,24/11/2020,y,Hillbilly Elegy: A Memoir of a Family and Culture in Crisis,J. D. Vance
Notes for My Son,24/11/2020,y,Notes for My Son,Shiori Ito
The Christmas Chronicles: Part Two,25/11/2020,n,,
The Beast,27/11/2020,n,,
The Call,27/11/2020,n,,
Finding Agnes,30/11/2020,n,,
Just Another Christmas,03/12/2020,n,,
Christmas Crossfire,04/12/2020,n,,
Leyla Everlasting,04/12/2020,n,,
Mank,04/12/2020,n,,
The Claus Family,07/12/2020,n,,
Rose Island,09/12/2020,n,,
The Prom,11/12/2020,n,,
A California Christmas,14/12/2020,n,,
Ma Rainey's Black Bottom,18/12/2020,y,Ma Rainey’s Black Bottom,August Wilson
The Midnight Sky,23/12/2020,n,,
AK vs AK,24/12/2020,n,,
We Can Be Heroes,25/12/2020,n,,
Miss Americana,31/01/2020,n,,
A Life of Speed: The Juan Manuel Fangio Story,20/03/2020,n,,
Crip Camp: A Disability Revolution,25/03/2020,n,,
LA Originals,10/04/2020,n,,
Circus of Books,22/04/2020,n,,
A Secret Love,29/04/2020,n,,
Murder to Mercy: The Cyntoia Brown Story,29/04/2020,n,,
Becoming,06/05/2020,n,,
Have a Good Trip: Adventures in Psychedelics,11/05/2020,n,,
Spelling the Dream,03/06/2020,n,,
One Take,18/06/2020,n,,
Disclosure: Trans Lives on Screen,19/06/2020,n,,
Athlete A,24/06/2020,n,,
Mucho Mucho Amor: The Legend of Walter Mercado,08/07/2020,n,,
We Are One,14/07/2020,n,,
Father Soldier Son,17/07/2020,n,,
The Speed Cubers,29/07/2020,n,,
Anelka: Misunderstood,05/08/2020,n,,
Rising Phoenix,26/08/2020,n,,
My Octopus Teacher,07/09/2020,n,,
The Social Dilemma,09/09/2020,n,,
Hope Frozen: A Quest to Live Twice,15/09/2020,n,,
GIMS: On the Record,17/09/2020,n,,
American Murder: The Family Next Door,30/09/2020,n,,
Dick Johnson Is Dead,02/10/2020,n,,
David Attenborough: A Life on Our Planet,04/10/2020,n,,
Bigflo & Oli: Hip Hop Frenzy,08/10/2020,n,,
Blackpink: Light Up the Sky,14/10/2020,n,,
The Three Deaths of Marisela Escobedo,14/10/2020,n,,
Rooting for Roona,15/10/2020,n,,
Guillermo Vilas: Settling the Score,27/10/2020,n,,
Secrets of the Saqqara Tomb,28/10/2020,n,,
Shawn Mendes: In Wonder,23/11/2020,n,,
Dance Dreams: Hot Chocolate Nutcracker,27/11/2020,n,,
Emicida: AmarElo â€“ It's All for Yesterday,08/12/2020,n,,
Giving Voice,11/12/2020,n,,
Road to Roma,11/02/2020,n,,
Ben Platt: Live from Radio City Music Hall,20/05/2020,n,,
The Boys in the Band: Something Personal,30/09/2020,n,,
Sarah Cooper: Everything's Fine,27/10/2020,n,,
Alien Xmas,20/11/2020,n,,
Shawn Mendes: Live in Concert,25/11/2020,n,,
Angela's Christmas Wish,01/12/2020,n,,
Ma Rainey's Black Bottom: A Legacy Brought to Screen,18/12/2020,n,,
"Ariana Grande: Excuse Me, I Love You",21/12/2020,n,,
Death to 2020,27/12/2020,n,,
What Did Jack Do?,20/01/2020,n,,
Sitara: Let Girls Dream,08/03/2020,n,,
Sol Levante,02/04/2020,n,,
The Claudia Kishi Club,10/07/2020,n,,
John Was Trying to Contact Aliens,20/08/2020,n,,
A Love Song for Latasha,21/09/2020,n,,
I'm No Longer Here: A Discussion with Guillermo del Toro and Alfonso CuarÃ³n,03/11/2020,n,,
If Anything Happens I Love You,20/11/2020,n,,
Canvas,11/12/2020,n,,
Cops and Robbers,28/12/2020,n,,
What Happened to Mr. Cha?,01/01/2021,n,,
Pieces of a Woman,07/01/2021,n,,
Stuck Apart,08/01/2021,n,,
The Heartbreak Club,14/01/2021,n,,
Double Dad,15/01/2021,n,,
Outside the Wire,15/01/2021,n,,
Tribhanga â€“ Tedhi Medhi Crazy,15/01/2021,n,,
The White Tiger,22/01/2021,y,The White Tiger,Aravind Adiga
June & Kopi,28/01/2021,n,,
Finding Ê»Ohana,29/01/2021,n,,
The Dig,29/01/2021,y,The Dig,John Preston
Below Zero,29/01/2021,n,,
The Last Paradiso,05/02/2021,n,,
Malcolm & Marie,05/02/2021,n,,
Space Sweepers,05/02/2021,n,,
The Misadventures of Hedi and Cokeman,10/02/2021,n,,
Red Dot,11/02/2021,n,,
Squared Love,11/02/2021,n,,
To All the Boys: Always and Forever,12/02/2021,y,"Always and Forever, Lara Jean",Jenny Han
Geez & Ann,25/02/2021,n,,
Crazy About Her,26/02/2021,n,,
The Girl on the Train,26/02/2021,y,The Girl on the Train,Paula Hawkins
Moxie,03/03/2021,y,Moxie,Jennifer Mathieu
Sentinelle,05/03/2021,n,,
Yes Day,12/03/2021,n,,
Paper Lives,12/03/2021,n,,
Get the Goat,18/03/2021,n,,
Caught by a Wave,25/03/2021,n,,
A Week Away,26/03/2021,y,A Week Away,Kali Bailey
Bad Trip,26/03/2021,n,,
Pagglait,26/03/2021,n,,
Tersanjung the Movie,01/04/2021,n,,
Concrete Cowboy,02/04/2021,n,,
Just Say Yes,02/04/2021,n,,
Madame Claude,02/04/2021,n,,
Have You Ever Seen Fireflies?,09/04/2021,n,,
Night in Paradise,09/04/2021,n,,
Thunder Force,09/04/2021,n,,
Prime Time,14/04/2021,n,,
Ride or Die,15/04/2021,n,,
Ajeeb Daastaans,16/04/2021,n,,
Get the Grift,28/04/2021,n,,
Things Heard & Seen,29/04/2021,y,All Things Cease to Appear,Elizabeth Brundage
The Disciple,30/04/2021,n,,
Milestone,07/05/2021,n,,
Monster,07/05/2021,y,Monster,Walter Dean Myers
Oxygen,12/05/2021,n,,
Ferry,14/05/2021,n,,
I Am All Girls,14/05/2021,n,,
The Woman in the Window,14/05/2021,y,The Woman in the Window,A. J. Finn
Sardar Ka Grandson,18/05/2021,n,,
Army of the Dead,21/05/2021,n,,
Baggio: The Divine Ponytail,26/05/2021,n,,
Ghost Lab,26/05/2021,n,,
Blue Miracle,27/05/2021,n,,
Carnaval,02/06/2021,n,,
Dancing Queens,03/06/2021,n,,
Sweet & Sour,04/06/2021,n,,
Trippin' with the Kandasamys,04/06/2021,n,,
Xtreme,04/06/2021,n,,
Awake,09/06/2021,n,,
Tragic Jungle,09/06/2021,n,,
Skater Girl,11/06/2021,n,,
Ali & Ratu Ratu Queens,17/06/2021,n,,
Jagame Thandhiram,18/06/2021,n,,
Good on Paper,23/06/2021,n,,
America: The Motion Picture,30/06/2021,n,,
Fear Street Part 1: 1994,02/07/2021,y,Fear Street: The New Girl,R. L. Stine
The 8th Night,02/07/2021,n,,
Haseen Dillruba,02/07/2021,n,,
Fear Street Part 2: 1978,09/07/2021,y,Fear Street: The Surprise Party / The Fire Game,R. L. Stine
Last Summer,09/07/2021,n,,
A Classic Horror Story,14/07/2021,n,,
A Perfect Fit,15/07/2021,n,,
My Amanda,15/07/2021,n,,
Deep,16/07/2021,n,,
Fear Street Part 3: 1666,16/07/2021,y,Fear Street series,R. L. Stine
Blood Red Sky,23/07/2021,n,,
Bankrolled,23/07/2021,n,,
Bartkowiak,28/07/2021,n,,
Resort to Love,29/07/2021,n,,
The Last Mercenary,30/07/2021,n,,
The Kissing Booth 3,11/08/2021,n,,
Beckett,13/08/2021,n,,
Black Island,18/08/2021,n,,
The Secret Diary of an Exchange Student,18/08/2021,n,,
Sweet Girl,20/08/2021,n,,
The Loud House Movie,20/08/2021,n,,
The Witcher: Nightmare of the Wolf,23/08/2021,n,,
He's All That,27/08/2021,n,,
Afterlife of the Party,02/09/2021,n,,
JJ+E,08/09/2021,n,,
Kate,10/09/2021,n,,
Prey,10/09/2021,n,,
Nightbooks,15/09/2021,y,Nightbooks,J. A. White
Ankahi Kahaniya,17/09/2021,n,,
Confessions of an Invisible Girl,22/09/2021,n,,
Intrusion,22/09/2021,n,,
The Starling,24/09/2021,n,,
Friendzone,29/09/2021,n,,
No One Gets Out Alive,29/09/2021,y,No One Gets Out Alive,Adam Nevill
Sounds Like Love,29/09/2021,n,,
Diana: The Musical,01/10/2021,n,,
Forever Rich,01/10/2021,n,,
Swallow,01/10/2021,n,,
The Guilty,01/10/2021,n,,
There's Someone Inside Your House,06/10/2021,y,There’s Someone Inside Your House,Stephanie Perkins
Grudge,08/10/2021,n,,
"My Brother, My Sister",08/10/2021,n,,
Bright: Samurai Soul,12/10/2021,n,,
Fever Dream,13/10/2021,y,Fever Dream,Samanta Schweblin
Operation Hyacinth,13/10/2021,n,,
A World Without,14/10/2021,n,,
The Four of Us,15/10/2021,n,,
Night Teeth,20/10/2021,n,,
Stuck Together,20/10/2021,n,,
Little Big Mouth,22/10/2021,n,,
Hypnotic,27/10/2021,n,,
Nobody Sleeps in the Woods Tonight Part 2,27/10/2021,n,,
Army of Thieves,29/10/2021,n,,
The Harder They Fall,03/11/2021,n,,
Love Hard,05/11/2021,n,,
Meenakshi Sundareshwar,05/11/2021,n,,
We Couldn't Become Adults,05/11/2021,n,,
Yara,05/11/2021,n,,
Father Christmas Is Back,07/11/2021,n,,
Happiness Ever After,10/11/2021,n,,
Passing,10/11/2021,y,Passing,Nella Larsen
7 Prisoners,11/11/2021,n,,
Red Notice,12/11/2021,y,"Red Notice: A True Story of High Finance, Murder, and One Man’s Fight for Justice",Bill Browder
Just Short of Perfect,18/11/2021,n,,
The Princess Switch 3: Romancing the Star,18/11/2021,n,,
Dhamaka,19/11/2021,n,,
Love Me Instead,19/11/2021,n,,
"Tick, Tick... Boom!",19/11/2021,n,,
Bruised,24/11/2021,n,,
A Castle for Christmas,26/11/2021,n,,
The Power of the Dog,01/12/2021,y,The Power of the Dog,Thomas Savage
Single All the Way,02/12/2021,n,,
The Whole Truth,02/12/2021,n,,
Mixtape,03/12/2021,n,,
David and the Elves,06/12/2021,n,,
The Claus Family 2,07/12/2021,n,,
Asakusa Kid,09/12/2021,n,,
Anonymously Yours,10/12/2021,n,,
Back to the Outback,10/12/2021,n,,
The Unforgivable,10/12/2021,n,,
The Hand of God,15/12/2021,n,,
A California Christmas: City Lights,16/12/2021,n,,
A Naija Christmas,16/12/2021,n,,
Grumpy Christmas,21/12/2021,n,,
1000 Miles from Christmas,24/12/2021,n,,
Don't Look Up,24/12/2021,n,,
Minnal Murali,24/12/2021,n,,
Lulli,26/12/2021,n,,
The Minimalists: Less Is Now,01/01/2021,n,,
Tony Parker: The Final Shot,06/01/2021,n,,
"Crack: Cocaine, Corruption & Conspiracy",11/01/2021,n,,
What Would Sophia Loren Do?,15/01/2021,n,,
"Strip Down, Rise Up",05/02/2021,n,,
PelÃ©,23/02/2021,n,,
Biggie: I Got a Story to Tell,01/03/2021,n,,
Operation Varsity Blues: The College Admissions Scandal,17/03/2021,n,,
Seaspiracy,24/03/2021,n,,
Dolly Parton: A MusiCares Tribute,07/04/2021,n,,
Why Did You Kill Me?,14/04/2021,n,,
Chadwick Boseman: Portrait of an Artist,17/04/2021,n,,
Searching for Sheela,22/04/2021,n,,
Nail Bomber: Manhunt,26/05/2021,n,,
Breaking Boundaries: The Science of Our Planet,04/06/2021,n,,
Kitty Love: An Homage to Cats,05/06/2021,n,,
Murder by the Coast,23/06/2021,n,,
Sisters on Track,24/06/2021,n,,
Audible,01/07/2021,n,,
Private Network: Who Killed Manuel Buendia?,14/07/2021,n,,
Pray Away,03/08/2021,n,,
Shiny_Flakes: The Teenage Drug Lord,03/08/2021,n,,
Untold: Malice at the Palace,10/08/2021,n,,
Untold: Deal with the Devil,17/08/2021,n,,
Memories of a Murderer: The Nilsen Tapes,18/08/2021,n,,
Untold: Caitlyn Jenner,24/08/2021,n,,
"Bob Ross: Happy Accidents, Betrayal & Greed",25/08/2021,n,,
Untold: Crimes & Penalties,31/08/2021,n,,
Untold: Breaking Point,07/09/2021,n,,
Blood Brothers: Malcolm X & Muhammad Ali,09/09/2021,n,,
The Women and the Murderer,09/09/2021,n,,
Schumacher,15/09/2021,n,,
My Heroes Were Cowboys,16/09/2021,n,,
Britney vs Spears,28/09/2021,n,,
Convergence: Courage in a Crisis,12/10/2021,n,,
Making Malinche: A Documentary by Nacho Cano,12/10/2021,n,,
Found,20/10/2021,n,,
Flip a Coin â€“ One OK Rock Documentary,21/10/2021,n,,
Lords of Scam,03/11/2021,n,,
A Cop Movie,05/11/2021,n,,
Procession,19/11/2021,n,,
AngÃ¨le,26/11/2021,n,,
14 Peaks: Nothing Is Impossible,29/11/2021,n,,
Lead Me Home,30/11/2021,n,,
137 Shots,15/12/2021,n,,
Puff: Wonders of the Reef,16/12/2021,n,,
To All the Boys: Always and Forever â€“ The Afterparty,13/02/2021,n,,
Creating an Army of the Dead,22/05/2021,n,,
Emicida: AmarElo â€“ Live in SÃ£o Paulo,15/07/2021,n,,
Monster Hunter: Legends of the Guild,12/08/2021,n,,
Attack of the Hollywood ClichÃ©s!,28/09/2021,n,,
Escape the Undertaker,05/10/2021,n,,
Sex: Unzipped,26/10/2021,n,,
Robin Robin,24/11/2021,n,,
Death to 2021,27/12/2021,n,,
Four to Dinner,05/01/2022,n,,
The Wasteland,06/01/2022,n,,
How I Fell in Love with a Gangster,12/01/2022,n,,
Brazen,13/01/2022,n,,
Photocopier,13/01/2022,n,,
This Is Not a Comedy,14/01/2022,n,,
The Royal Treatment,20/01/2022,n,,
Amandla,21/01/2022,n,,
Munich â€“ The Edge of War,21/01/2022,y,Munich,Robert Harris
My Father's Violin,21/01/2022,n,,
Home Team,28/01/2022,n,,
Looop Lapeta,04/02/2022,n,,
Through My Window,04/02/2022,y,Through My Window,Ariana Godoy
The Privilege,09/02/2022,n,,
Into the Wind,10/02/2022,n,,
Bigbug,11/02/2022,n,,
Love and Leashes,11/02/2022,n,,
Love Tactics,11/02/2022,n,,
Tall Girl 2,11/02/2022,n,,
Fistful of Vengeance,17/02/2022,n,,
Texas Chainsaw Massacre,18/02/2022,n,,
Rabbids Invasion: Mission to Mars,18/02/2022,n,,
UFO,23/02/2022,n,,
A Madea Homecoming,25/02/2022,n,,
Restless,25/02/2022,n,,
Against the Ice,02/03/2022,y,Two Against the Ice,Ejnar Mikkelsen
The Weekend Away,03/03/2022,n,,
The Invisible Thread,04/03/2022,n,,
The Adam Project,11/03/2022,n,,
Rescued by Ruby,17/03/2022,y,Dog Named Ruby,Karen Kingsbury
Black Crab,18/03/2022,n,,
Without Saying Goodbye,18/03/2022,n,,
Windfall,18/03/2022,n,,
In Good Hands,21/03/2022,n,,
Love Like the Falling Petals,24/03/2022,n,,
All Hail,30/03/2022,n,,
Apollo 10 1â„2: A Space Age Childhood,01/04/2022,n,,
Battle: Freestyle,01/04/2022,n,,
The Bubble,01/04/2022,n,,
Cobalt Blue,02/04/2022,y,Cobalt Blue,Sachin Kundalkar
Dancing on Glass,08/04/2022,n,,
Metal Lords,08/04/2022,n,,
Yaksha: Ruthless Operations,08/04/2022,n,,
The Taming of the Shrewd,13/04/2022,n,,
Choose or Die,15/04/2022,n,,
Man of God,16/04/2022,n,,
The Turning Point,20/04/2022,n,,
Honeymoon with My Mother,22/04/2022,n,,
365 Days: This Day,27/04/2022,y,This Day,Blanka Lipińska
Silverton Siege,27/04/2022,n,,
Bubble,28/04/2022,n,,
Rumspringa â€“ An Amish in Berlin,29/04/2022,n,,
Along for the Ride,06/05/2022,y,Along for the Ride,Sarah Dessen
The Takedown,06/05/2022,n,,
Thar,06/05/2022,n,,
Senior Year,13/05/2022,n,,
Toscana,18/05/2022,n,,
A Perfect Pairing,19/05/2022,n,,
F*ck Love Too,20/05/2022,n,,
Godspeed,23/05/2022,n,,
Interceptor,03/06/2022,n,,
Hustle,08/06/2022,n,,
Trees of Peace,10/06/2022,n,,
Centauro,15/06/2022,n,,
Heart Parade,15/06/2022,n,,
The Wrath of God,15/06/2022,n,,
Spiderhead,17/06/2022,n,,
Doom of Love,20/06/2022,n,,
Love & Gelato,22/06/2022,y,Love & Gelato,Jenna Evans Welch
Blasted,28/06/2022,n,,
Beauty,29/06/2022,n,,
"Hello, Goodbye, and Everything in Between",06/07/2022,y,"Hello, Goodbye, and Everything in Between",Jennifer E. Smith
Dangerous Liaisons,08/07/2022,y,Les Liaisons dangereuses,Pierre Choderlos de Laclos
Jewel,08/07/2022,n,,
The Sea Beast,08/07/2022,n,,
For Jojo,11/07/2022,n,,
Under the Amalfi Sun,13/07/2022,n,,
Jaadugar,15/07/2022,n,,
Persuasion,15/07/2022,y,Persuasion,Jane Austen
The Gray Man,22/07/2022,y,The Gray Man,Mark Greaney
Recurrence,27/07/2022,n,,
A Cut Above,28/07/2022,n,,
The Entitled,29/07/2022,n,,
Purple Hearts,29/07/2022,y,Purple Hearts,Tess Wakefield
Buba,03/08/2022,n,,
Don't Blame Karma!,03/08/2022,n,,
Wedding Season,04/08/2022,n,,
Carter,05/08/2022,n,,
Darlings,05/08/2022,n,,
Rise of the Teenage Mutant Ninja Turtles: The Movie,05/08/2022,n,,
Heartsong,10/08/2022,n,,
13: The Musical,12/08/2022,n,,
Day Shift,12/08/2022,n,,
Look Both Ways,17/08/2022,y,Look Both Ways,Jason Reynolds
Royalteen,17/08/2022,n,,
The Next 365 Days,19/08/2022,y,This Day,Blanka Lipińska
That's Amor,25/08/2022,n,,
Loving Adults,26/08/2022,n,,
Me Time,26/08/2022,n,,
Seoul Vibe,26/08/2022,n,,
I Came By,31/08/2022,n,,
Fenced in,01/09/2022,n,,
Love in the Villa,01/09/2022,n,,
The Festival of Troubadours,02/09/2022,n,,
End of the Road,09/09/2022,n,,
No Limit,09/09/2022,n,,
Broad Peak,14/09/2022,n,,
Do Revenge,16/09/2022,n,,
Drifting Home,16/09/2022,n,,
I Used to Be Famous,16/09/2022,n,,
Jogi,16/09/2022,n,,
The Perfumier,21/09/2022,n,,
A Jazzman's Blues,23/09/2022,n,,
Lou,23/09/2022,n,,
Athena,23/09/2022,n,,
Blonde,28/09/2022,y,Blonde,Joyce Carol Oates
AnÃ­kÃºlÃ¡pÃ³,30/09/2022,n,,
Plan A Plan B,30/09/2022,n,,
Rainbow,30/09/2022,n,,
Jumping from High Places,05/10/2022,n,,
Mr. Harrigan's Phone,05/10/2022,y,If It Bleeds,Stephen King
Togo,05/10/2022,n,,
Doll House,07/10/2022,n,,
Luckiest Girl Alive,07/10/2022,y,Luckiest Girl Alive,Jessica Knoll
Old People,07/10/2022,n,,
Someone Borrowed,11/10/2022,n,,
The Curse of Bridge Hollow,14/10/2022,n,,
The School for Good and Evil,19/10/2022,y,The School for Good and Evil,Soman Chainani
The Stranger,19/10/2022,y,The Stranger,Harlan Coben
20th Century Girl,21/10/2022,n,,
Hellhole,26/10/2022,n,,
Robbing Mussolini,26/10/2022,n,,
The Good Nurse,26/10/2022,y,The Good Nurse,Charles Graeber
Beyond the Universe,27/10/2022,n,,
All Quiet on the Western Front,28/10/2022,y,All Quiet on the Western Front,Erich Maria Remarque
Cici,28/10/2022,n,,
Wendell & Wild,28/10/2022,n,,
Wild Is the Wind,28/10/2022,n,,
The Takeover,01/11/2022,n,,
The Soccer Football Movie,09/11/2022,n,,
Falling for Christmas,10/11/2022,n,,
Lost Bullet 2: Back for More,10/11/2022,n,,
Don't Leave,11/11/2022,n,,
"Monica, O My Darling",11/11/2022,n,,
My Father's Dragon,11/11/2022,n,,
The Lost Lotteries,16/11/2022,n,,
The Wonder,16/11/2022,y,The Wonder,Emma Donoghue
Christmas with You,17/11/2022,n,,
Slumberland,18/11/2022,n,,
Christmas on Mistletoe Farm,23/11/2022,n,,
Lesson Plan,23/11/2022,n,,
The Swimmers,23/11/2022,n,,
Who's a Good Boy?,23/11/2022,n,,
The Noel Diary,24/11/2022,y,The Noel Diary,Richard Paul Evans
A Man of Action,30/11/2022,n,,
Christmas Full of Grace,30/11/2022,n,,
My Name Is Vendetta,30/11/2022,n,,
Qala,01/12/2022,n,,
Troll,01/12/2022,n,,
Lady Chatterley's Lover,02/12/2022,y,Lady Chatterley’s Lover,D. H. Lawrence
Scrooge: A Christmas Carol,02/12/2022,y,A Christmas Carol,Charles Dickens
Delivery by Christmas,06/12/2022,n,,
Burning Patience,07/12/2022,n,,
The Marriage App,07/12/2022,n,,
The Claus Family 3,08/12/2022,n,,
Guillermo del Toro's Pinocchio,09/12/2022,y,The Adventures of Pinocchio,Carlo Collodi
I Believe in Santa,14/12/2022,n,,
The Big 4,15/12/2022,n,,
"Bardo, False Chronicle of a Handful of Truths",16/12/2022,n,,
Private Lesson,16/12/2022,n,,
A Not So Merry Christmas,20/12/2022,n,,
Glass Onion: A Knives Out Mystery,23/12/2022,n,,
A Night at the Kindergarten,28/12/2022,n,,
White Noise,30/12/2022,y,White Noise,Don DeLillo
Three Songs for Benazir,24/01/2022,n,,
The Tinder Swindler,02/02/2022,n,,
Downfall: The Case Against Boeing,18/02/2022,n,,
11M: Terror in Madrid,23/02/2022,n,,
Surviving Paradise: A Family Tale,03/03/2022,n,,
Broken Idol: The Undoing of Diomedes DÃ­az,30/03/2022,n,,
Trust No One: The Hunt for the Crypto King,30/03/2022,n,,
Return to Space,07/04/2022,n,,
White Hot: The Rise & Fall of Abercrombie & Fitch,19/04/2022,n,,
The Mystery of Marilyn Monroe: The Unheard Tapes,27/04/2022,n,,
Hold Your Breath: The Ice Dive,03/05/2022,n,,
Our Father,11/05/2022,n,,
Cyber Hell: Exposing an Internet Horror,18/05/2022,n,,
The Photographer: Murder in Pinamar,19/05/2022,n,,
Gladbeck: The Hostage Crisis,08/06/2022,n,,
Jennifer Lopez: Halftime,14/06/2022,n,,
"Sing, Dance, Act: Kabuki featuring Toma Ikuta",16/06/2022,n,,
The Martha Mitchell Effect,17/06/2022,n,,
Civil: Ben Crump,19/06/2022,n,,
Girl in the Picture,06/07/2022,n,,
My Daughter's Killer,12/07/2022,n,,
Never Stop Dreaming: The Life and Legacy of Shimon Peres,13/07/2022,n,,
Bank Robbers: The Last Great Heist,10/08/2022,n,,
Stay on Board: The Leo Baker Story,11/08/2022,n,,
Inside the Mind of a Cat,18/08/2022,n,,
Untold: The Rise and Fall of AND1,23/08/2022,n,,
Running with the Devil: The Wild World of John McAfee,24/08/2022,n,,
The Figo Affair: The Transfer that Changed Football,25/08/2022,n,,
Untold: Operation Flagrant Foul,30/08/2022,n,,
Get Smart With Money,06/09/2022,n,,
Untold: The Race of the Century,06/09/2022,n,,
The Anthrax Attacks,08/09/2022,n,,
Skandal! Bringing Down Wirecard,16/09/2022,n,,
The Dreamlife of Georgie Stone,22/09/2022,n,,
A Trip to Infinity,26/09/2022,n,,
Into the Deep: The Submarine Murder Case,30/09/2022,n,,
The Trapped 13: How We Survived the Thai Cave,05/10/2022,n,,
The Joys and Sorrows of Young Yuguo,06/10/2022,n,,
The Redeem Team,07/10/2022,n,,
LiSA: Another Great Day,18/10/2022,n,,
Descendant,21/10/2022,n,,
Fugitive: The Curious Case of Carlos Ghosn,26/10/2022,n,,
Orgasm Inc: The Story of OneTaste,05/11/2022,n,,
State of Alabama vs. Brittany Smith,10/11/2022,n,,
Capturing the Killer Nurse,11/11/2022,n,,
Is That Black Enough for You?!?,11/11/2022,n,,
Stutz,14/11/2022,n,,
In Her Hands,16/11/2022,n,,
Racionais MC's: From the Streets of SÃ£o Paulo,16/11/2022,n,,
I Am Vanessa Guillen,17/11/2022,n,,
Ghislaine Maxwell: Filthy Rich,25/11/2022,n,,
The Last Dolphin King,25/11/2022,n,,
Take Your Pills: Xanax,30/11/2022,n,,
The Masked Scammer,01/12/2022,n,,
"""Sr.""",02/12/2022,n,,
In Broad Daylight: The Narvarte Case,08/12/2022,n,,
The Elephant Whisperers,08/12/2022,n,,
Kangaroo Valley,14/12/2022,n,,
The Volcano: Rescue from Whakaari,16/12/2022,n,,
The House,14/01/2022,n,,
Adam by Eve: A Live in Animation,15/03/2022,n,,
Celeb Five: Behind the Curtain,01/04/2022,n,,
Oprah + Viola: A Netflix Special Event,22/04/2022,n,,
Dirty Daddy: The Bob Saget Tribute,10/06/2022,n,,
Dave Chappelle: What's in a Name?,07/07/2022,n,,
Ivy + Bean,02/09/2022,y,Ivy + Bean,Annie Barrows
Ivy + Bean: Doomed to Dance,02/09/2022,y,Ivy + Bean and the Dance Challenge,Annie Barrows
Ivy + Bean: The Ghost That Had to Go,02/09/2022,y,Ivy + Bean and the Ghost That Had to Go,Annie Barrows
Entergalactic,30/09/2022,n,,
Barbie Epic Road Trip,25/10/2022,n,,
Making ATHENA,18/11/2022,n,,
Guillermo del Toro's Pinocchio: Handcarved Cinema,09/12/2022,n,,
The Seven Deadly Sins: Grudge of Edinburgh Part 1,20/12/2022,n,,
Stuck with You,28/12/2022,n,,
Behind the Scenes with Jane Campion,27/01/2022,n,,
Erax,17/02/2022,n,,
Forgive Us Our Trespasses,17/02/2022,n,,
Heart Shot,17/02/2022,n,,
Cat Burglar,22/02/2022,n,,
Nightmare of the Wolf Bestiary,23/08/2022,n,,
Triviaverse,08/11/2022,n,,
The Pale Blue Eye,06/01/2023,y,The Pale Blue Eye,Louis Bayard
Noise,11/01/2023,n,,
Dog Gone,13/01/2023,y,Dog Gone: A Lost Pet's Extraordinary Journey,Pauls Toutonghi
Disconnect: The Wedding Planner,13/01/2023,n,,
Alkhallat+,19/01/2023,n,,
Jung E,20/01/2023,n,,
Mission Majnu,20/01/2023,n,,
The Price of Family,25/01/2023,n,,
You People,27/01/2023,n,,
True Spirit,03/02/2023,y,True Spirit: The Epic Journey of Jessica Watson,Jessica Watson
Infiesto,03/02/2023,n,,
Dear David,09/02/2023,y,Dear David,Adam Ellis
Your Place or Mine,10/02/2023,n,,
Squared Love All Over Again,13/02/2023,n,,
All the Places,14/02/2023,n,,
Unlocked,17/02/2023,n,,
The Strays,22/02/2023,n,,
Call Me Chihiro,23/02/2023,n,,
We Have a Ghost,24/02/2023,n,,
Tonight You're Sleeping with Me,01/03/2023,n,,
10 Days of a Good Man,03/03/2023,n,,
Love at First Kiss,03/03/2023,n,,
Faraway,08/03/2023,n,,
Have a Nice Day!,10/03/2023,n,,
Luther: The Fallen Sun,10/03/2023,n,,
In His Shadow,17/03/2023,n,,
The Magician's Elephant,17/03/2023,y,The Magician’s Elephant,Kate DiCamillo
Chor Nikal Ke Bhaga,24/03/2023,n,,
Kill Boksoon,31/03/2023,n,,
Murder Mystery 2,31/03/2023,n,,
Chupa,07/04/2023,n,,
Kings of Mulberry Street: Let Love Reign,07/04/2023,n,,
Oh Belinda,07/04/2023,n,,
Hunger,08/04/2023,n,,
Queens on the Run,14/04/2023,n,,
Phenomena,14/04/2023,n,,
A Tourist's Guide to Love,21/04/2023,n,,
Chokehold,21/04/2023,n,,
One More Time,21/04/2023,n,,
"Kiss, Kiss!",26/04/2023,n,,
The Matchmaker,27/04/2023,n,,
AKA,28/04/2023,n,,
Royalteen: Princess Margrethe,11/05/2023,n,,
The Mother,12/05/2023,n,,
Fanfic,17/05/2023,n,,
KathalÂ â€“ A Jackfruit Mystery,19/05/2023,n,,
Hard Feelings,24/05/2023,n,,
Mother's Day,24/05/2023,n,,
Blood and Gold,26/05/2023,n,,
Where the Tracks End,26/05/2023,n,,
A Beautiful Life,01/06/2023,n,,
Missed Connections,02/06/2023,n,,
Rich in Love 2,02/06/2023,n,,
The Wonder Weeks,09/06/2023,n,,
You Do You,09/06/2023,n,,
Black Clover: Sword of the Wizard King,16/06/2023,n,,
Extraction 2,16/06/2023,n,,
iNumber Number: Jozi Gold,23/06/2023,n,,
Make Me Believe,23/06/2023,n,,
The Perfect Find,23/06/2023,y,The Perfect Find,Tia Williams
Through My Window 2: Across the Sea,23/06/2023,y,A través de ti,Ariana Godoy
Lust Stories 2,29/06/2023,n,,
Nimona,30/06/2023,y,Nimona,ND Stevenson
Gold Brick,06/07/2023,n,,
Seasons,07/07/2023,n,,
The Out-Laws,07/07/2023,n,,
Mr. Car and the Knights Templar,12/07/2023,n,,
Bird Box Barcelona,14/07/2023,n,,
Love Tactics 2,14/07/2023,n,,
The (Almost) Legends,19/07/2023,n,,
They Cloned Tyrone,21/07/2023,n,,
Happiness for Beginners,27/07/2023,y,Happiness for Beginners,Katherine Center
Paradise,27/07/2023,n,,
The Murderer,27/07/2023,n,,
Today We'll Talk About That Day,27/07/2023,n,,
Big Nunu's Little Heist,28/07/2023,n,,
Soulcatcher,02/08/2023,n,,
Head to Head,03/08/2023,n,,
Zom 100: Bucket List of the Dead,03/08/2023,y,Zom 100: Bucket List of the Dead,Haro Aso
Heart of Stone,11/08/2023,n,,
10 Days of a Bad Man,18/08/2023,n,,
"Love, Sex & 30 Candles",18/08/2023,n,,
The Monkey King,18/08/2023,y,Journey to the West,Wu Cheng’en
Squared Love Everlasting,23/08/2023,n,,
Killer Book Club,25/08/2023,y,El club de los lectores criminales,Carlos García Miranda
You Are So Not Invited to My Bat Mitzvah,25/08/2023,y,You Are So Not Invited to My Bat Mitzvah!,Fiona Rosenbloom
The Great Seduction,30/08/2023,n,,
A Day and a Half,01/09/2023,n,,
Friday Night Plan,01/09/2023,n,,
Happy Ending,01/09/2023,n,,
What If?,07/09/2023,n,,
Freestyle,13/09/2023,n,,
Ehrengard: The Art of Seduction,14/09/2023,y,Ehrengard,Karen Blixen
Once Upon a Crime,19/09/2023,n,,
El Conde,15/09/2023,n,,
Love at First Sight,15/09/2023,y,The Statistical Probability of Love at First Sight,Jennifer E. Smith
The Abyss,15/09/2023,n,,
Jaane Jaan,21/09/2023,y,The Devotion of Suspect X,Keigo Higashino
Spy Kids: Armageddon,22/09/2023,n,,
The Black Book,22/09/2023,y,The Black Book,James Patterson
Forgotten Love,27/09/2023,n,,
Overhaul,27/09/2023,n,,
Street Flow 2,27/09/2023,n,,
Love Is in the Air,28/09/2023,n,,
Do Not Disturb,29/09/2023,n,,
Nowhere,29/09/2023,n,,
Reptile,29/09/2023,n,,
Keys to the Heart,04/10/2023,n,,
Khufiya,05/10/2023,n,,
Fair Play,06/10/2023,n,,
A Deadly Invitation,06/10/2023,n,,
Ballerina,06/10/2023,n,,
Once Upon a Star,11/10/2023,n,,
ÃŒjá»Ì€gbá»Ì€n,13/10/2023,n,,
The Conference,13/10/2023,n,,
Crypto Boy,19/10/2023,n,,
Kandasamys: The Baby,20/10/2023,n,,
Old Dads,20/10/2023,n,,
Burning Betrayal,25/10/2023,n,,
Pain Hustlers,27/10/2023,n,,
Sister Death,27/10/2023,n,,
Hurricane Season,01/11/2023,n,,
Locked In,01/11/2023,n,,
Nuovo Olimpo,01/11/2023,n,,
Wingwomen,01/11/2023,n,,
Nyad,03/11/2023,y,Find a Way,Diana Nyad
Best. Christmas. Ever!,16/11/2023,n,,
In Love and Deep Water,16/11/2023,n,,
Believer 2,17/11/2023,n,,
Rustin,17/11/2023,n,,
All-Time High,17/11/2023,n,,
The Queenstown Kings,17/11/2023,n,,
Leo,21/11/2023,n,,
I Don't Expect Anyone to Believe Me,22/11/2023,n,,
Doi Boy,24/11/2023,n,,
Elena Knows,24/11/2023,n,,
Last Call for Istanbul,24/11/2023,n,,
Wedding Games,24/11/2023,n,,
Family Switch,30/11/2023,n,,
Christmas as Usual,06/12/2023,n,,
NAGA,07/12/2023,n,,
The Archies,07/12/2023,y,The Archies,Bob Montana
Blood Vessel,08/12/2023,n,,
Leave the World Behind,08/12/2023,y,Leave the World Behind,Rumaan Alam
Chicken Run: Dawn of the Nugget,15/12/2023,n,,
Familia,15/12/2023,n,,
Maestro,20/12/2023,n,,
The Taming of the Shrewd 2,20/12/2023,n,,
Rebel Moon â€“ Part One: A Child of Fire,21/12/2023,n,,
A Vampire in the Family,24/12/2023,n,,
Kho Gaye Hum Kahan,26/12/2023,n,,
"Thank You, I'm Sorry",26/12/2023,n,,
Mumbai Mafia: Police vs the Underworld,06/01/2023,n,,
The Hatchet Wielding Hitchhiker,10/01/2023,n,,
Big MÃ¤ck: Gangsters and Gold,20/01/2023,n,,
"Pamela, a Love Story",31/01/2023,n,,
Money Shot: The Pornhub Story,15/03/2023,n,,
Caught Out: Crime. Corruption. Cricket.,17/03/2023,n,,
Lewis Capaldi: How I'm Feeling Now,05/04/2023,n,,
Longest Third Date,18/04/2023,n,,
Anna Nicole Smith: You Don't Know Me,16/05/2023,n,,
Victim/Suspect,23/05/2023,n,,
Take Care of Maya,19/06/2023,n,,
King of Clones,23/06/2023,n,,
Eldorado: Everything the Nazis Hate,28/06/2023,n,,
Unknown: The Lost Pyramid,03/07/2023,n,,
Wham!,05/07/2023,n,,
Unknown: Killer Robots,10/07/2023,n,,
Unknown: Cave of Bones,17/07/2023,n,,
The Deepest Breath,19/07/2023,n,,
Unknown: Cosmic Time Machine,24/07/2023,n,,
Missing: The Lucie Blackman Case,26/07/2023,n,,
Tokyo Crime Squad: The Lucie Blackman Case,26/07/2023,n,,
The Lady of Silence: The Mataviejitas Murders,27/07/2023,n,,
Untold: Jake Paul the Problem Child,01/08/2023,n,,
Mark Cavendish: Never Enough,02/08/2023,n,,
Poisoned: The Dirty Truth About Your Food,02/08/2023,n,,
Untold: Johnny Football,08/08/2023,n,,
Untold: Hall of Shame,15/08/2023,n,,
A Life Too Short: The Isabella Nardoni Case,17/08/2023,n,,
Scouts Honor: The Secret Files of the Boy Scouts of America,06/09/2023,n,,
Rosa Peral's Tapes,08/09/2023,n,,
The Saint of Second Chances,19/09/2023,n,,
"Ice Cold: Murder, Coffee and Jessica Wongso",28/09/2023,n,,
The Darkness within La Luz del Mundo,28/09/2023,n,,
Race to the Summit,04/10/2023,n,,
Camp Courage,15/10/2023,n,,
The Devil on Trial,17/10/2023,n,,
Vjeran Tomic: The Spider-Man of Paris,20/10/2023,n,,
Onefour: Against All Odds,26/10/2023,n,,
Yellow Door: '90s Lo-fi Film Club,27/10/2023,n,,
Higuita: The Way of the Scorpion,02/11/2023,n,,
Sly,03/11/2023,n,,
Cyberbunker: The Criminal Underworld,08/11/2023,n,,
Stamped from the Beginning,20/11/2023,y,Stamped from the Beginning: The Definitive History of Racist Ideas in America,Ibram X. Kendi
Ilary Blasi: The One and Only,24/11/2023,n,,
American Symphony,29/11/2023,n,,
Kevin Hart & Chris Rock: Headliners Only,12/12/2023,n,,
Face to Face with ETA: Conversations with a Terrorist,15/12/2023,n,,
Curry & Cyanide: The Jolly Joseph Case,22/12/2023,n,,
Hell Camp: Teen Nightmare,27/12/2023,n,,
A Whole Lifetime with Jamie Demetriou,28/02/2023,n,,
We Lost Our Human,21/03/2023,n,,
Mighty Morphin Power Rangers: Once & Always,19/04/2023,n,,
The Light We Carry: Michelle Obama & Oprah Winfrey,25/04/2023,n,,
Tudum 2023: A Global Fan Event,17/06/2023,n,,
The Seven Deadly Sins: Grudge of Edinburgh Part 2,08/08/2023,n,,
Choose Love,31/08/2023,n,,
Lifting the Veil: Behind the Scenes of Ehrengard,14/09/2023,n,,
The Wonderful Story of Henry Sugar,27/09/2023,y,The Wonderful Story of Henry Sugar and Six More,Roald Dahl
The Netflix Cup,14/11/2023,n,,
Making All Quiet on the Western Front,20/02/2023,y,All Quiet on the Western Front,Erich Maria Remarque
Weathering,14/04/2023,n,,
The Swan,28/09/2023,y,The Swan,Roald Dahl
The Rat Catcher,29/09/2023,y,The Rat Catcher,Roald Dahl
Poison,30/09/2023,y,Poison,Roald Dahl
Flashback,20/10/2023,n,,
Disco Inferno,20/10/2023,n,,
The After,25/10/2023,n,,
Temple of Film: 100 Years of the Egyptian Theatre,09/11/2023,n,,
The Dads,17/11/2023,n,,
Making of Chicken Run: Dawn of the Nugget,15/12/2023,n,,
Society of the Snow,04/01/2024,y,La sociedad de la nieve,Pablo Vierci
Good Grief,05/01/2024,n,,
Lift,12/01/2024,n,,
From the Ashes,18/01/2024,n,,
Sixty Minutes,19/01/2024,n,,
The Kitchen,19/01/2024,n,,
Badland Hunters,26/01/2024,n,,
Orion and the Dark,02/02/2024,y,Orion and the Dark,Emma Yarlett
Ashes,09/02/2024,n,,
Bhakshak,09/02/2024,n,,
Kill Me If You Dare,13/02/2024,n,,
Players,14/02/2024,n,,
A Soweto Love Story,14/02/2024,n,,
The Heartbreak Agency,14/02/2024,n,,
Mea Culpa,23/02/2024,n,,
Through My Window 3: Looking at You,23/02/2024,y,A través de mi ventana,Ariana Godoy
Code 8: Part II,28/02/2024,n,,
The Parades,29/02/2024,n,,
My Name Is Loh Kiwan,01/03/2024,y,I Met Loh Kiwan,Cho Hae-jin
Spaceman,01/03/2024,y,Spaceman of Bohemia,Jaroslav Kalfař
Damsel,08/03/2024,n,,
24 Hours with Gaspar,14/03/2024,y,24 Jam Bersama Gaspar,Sabda Armandio
Art of Love,14/03/2024,n,,
Irish Wish,15/03/2024,n,,
Murder Mubarak,15/03/2024,y,Club You to Death,Anuja Chauhan
The Wonderful Story of Henry Sugar and Three More,15/03/2024,y,The Wonderful Story of Henry Sugar and Six More,Roald Dahl
Shirley,22/03/2024,n,,
The Casagrandes Movie,22/03/2024,n,,
Rest in Peace,27/03/2024,n,,
No Pressure,27/03/2024,n,,
Heart of the Hunter,29/03/2024,y,Heart of the Hunter,Deon Meyer
The Beautiful Game,29/03/2024,n,,
The Wages of Fear,29/03/2024,y,Le Salaire de la peur,Georges Arnaud
The Tearsmith,04/04/2024,y,Fabbricante di lacrime (The Tearsmith),Erin Doom
Scoop,05/04/2024,y,Scoops: Behind the Scenes of the BBC’s Most Shocking Interviews,Sam McAlister
A Journey,12/04/2024,n,,
Amar Singh Chamkila,12/04/2024,n,,
"Love, Divided",12/04/2024,n,,
Stolen,12/04/2024,n,,
Woody Woodpecker Goes to Camp,12/04/2024,n,,
Rebel Moon â€“ Part Two: The Scargiver,19/04/2024,n,,
City Hunter,25/04/2024,y,City Hunter,Tsukasa Hojo
Honeymoonish,29/04/2024,n,,
Down the Rabbit Hole,01/05/2024,n,,
Beautiful Rebel,02/05/2024,n,,
Unfrosted,03/05/2024,n,,
Mother of the Bride,09/05/2024,n,,
Thelma the Unicorn,17/05/2024,y,Thelma the Unicorn,Aaron Blabey
In Good Hands 2,23/05/2024,n,,
Atlas,24/05/2024,n,,
My Oni Girl,24/05/2024,n,,
Bionic,29/05/2024,n,,
Colors of Evil: Red,29/05/2024,n,,
A Part of You,31/05/2024,n,,
The Price of Nonna's Inheritance,04/06/2024,y,The Price of Nonna’s Inheritance,Caroline Mitchell
Under Paris,05/06/2024,n,,
Basma,06/06/2024,n,,
Ultraman: Rising,14/06/2024,n,,
Inheritance,19/06/2024,y,Inheritance,Diane McKinney-Whetstone
Maharaj,21/06/2024,n,,
Trigger Warning,21/06/2024,n,,
Drawing Closer,27/06/2024,n,,
A Family Affair,28/06/2024,n,,
Beverly Hills Cop: Axel F,03/07/2024,n,,
Goyo,05/07/2024,n,,
Wild Wild Punjab,10/07/2024,n,,
Vanished into the Night,11/07/2024,n,,
Blame the Game,12/07/2024,n,,
Lobola Man,12/07/2024,n,,
The Champion,12/07/2024,n,,
Find Me Falling,19/07/2024,n,,
House of Ga'a,26/07/2024,n,,
Non Negotiable,26/07/2024,n,,
Borderless Fog,01/08/2024,n,,
Saving Bikini Bottom: The Sandy Cheeks Movie,02/08/2024,n,,
Lolo and the Kid,07/08/2024,n,,
Mission: Cross,09/08/2024,n,,
Phir Aayi Hasseen Dillruba,09/08/2024,n,,
The Union,16/08/2024,n,,
Nice Girls,21/08/2024,n,,
Incoming,23/08/2024,n,,
TÃ²kunbá»Ì€,23/08/2024,n,,
Untamed Royals,28/08/2024,n,,
The Deliverance,30/08/2024,n,,
(Un)lucky Sisters,30/08/2024,n,,
Rebel Ridge,06/09/2024,n,,
Boxer,11/09/2024,n,,
Technoboys,11/09/2024,n,,
Officer Black Belt,13/09/2024,n,,
Sector 36,13/09/2024,n,,
Uglies,13/09/2024,y,Uglies,Scott Westerfeld
His Three Daughters,20/09/2024,n,,
Divorce,25/09/2024,n,,
A True Gentleman,26/09/2024,n,,
Rez Ball,27/09/2024,n,,
Trouble,03/10/2024,n,,
CTRL,04/10/2024,n,,
It's What's Inside,04/10/2024,n,,
The Platform 2,04/10/2024,n,,
In Her Place,11/10/2024,n,,
Lonely Planet,11/10/2024,n,,
Uprising,11/10/2024,n,,
Justice,16/10/2024,n,,
Outside,17/10/2024,n,,
The Shadow Strays,17/10/2024,n,,
Happiness Is,18/10/2024,n,,
The Man Who Loved UFOs,18/10/2024,n,,
Family Pack,23/10/2024,n,,
Do Patti,25/10/2024,n,,
Don't Move,25/10/2024,n,,
Time Cut,30/10/2024,n,,
Let Go,01/11/2024,n,,
Meet Me Next Christmas,06/11/2024,n,,
Pedro PÃ¡ramo,06/11/2024,y,Pedro Páramo,Juan Rulfo
10 Days of a Curious Man,07/11/2024,n,,
Umjolo: The Gone Girl,08/11/2024,n,,
Vijay 69,08/11/2024,n,,
Hot Frosty,13/11/2024,n,,
GTMAX,20/11/2024,n,,
The Merry Gentlemen,20/11/2024,n,,
Maybe Baby 2,21/11/2024,n,,
Joy,22/11/2024,n,,
Spellbound,22/11/2024,n,,
The Piano Lesson,22/11/2024,n,,
Our Little Secret,27/11/2024,n,,
Sikandar Ka Muqaddar,29/11/2024,n,,
The Snow Sister,29/11/2024,n,,
That Christmas,04/12/2024,n,,
The Children's Train,04/12/2024,n,,
Camp Crasher,06/12/2024,n,,
Mary,06/12/2024,n,,
Carry-On,13/12/2024,n,,
Disaster Holiday,13/12/2024,n,,
Ferry 2,20/12/2024,n,,
The Six Triple Eight,20/12/2024,n,,
Umjolo: Day Ones,20/12/2024,n,,
Bitconned,01/01/2024,n,,
The Greatest Night in Pop,29/01/2024,n,,
"Lover, Stalker, Killer",09/02/2024,n,,
Einstein and the Bomb,16/02/2024,n,,
You Are Not Alone: Fighting the Wolf Pack,01/03/2024,n,,
To Kill a Tiger,10/03/2024,n,,
The Antisocial Network: Memes to Mayhem,05/04/2024,n,,
What Jennifer Did,10/04/2024,n,,
The Doomsday Cult of Antares de la Luz,25/04/2024,n,,
Hack Your Health: The Secrets of Your Gut,26/04/2024,n,,
Secrets of the Neanderthals,02/05/2024,n,,
The Final: Attack on Wembley,08/05/2024,n,,
The Guardian of the Monarchs,09/05/2024,n,,
Living with Leopards,10/05/2024,n,,
Power,17/05/2024,n,,
Illusions for Sale: The Rise and Fall of Generation Zoe,23/05/2024,n,,
How to Rob a Bank,05/06/2024,n,,
Nelma Kodama: The Queen of Dirty Money,06/06/2024,n,,
Rafa MÃ¡rquez: El CapitÃ¡n,06/06/2024,n,,
Mysteries of the Terracotta Warriors,12/06/2024,n,,
Outstanding: A Comedy Revolution,18/06/2024,n,,
Black Barbie: A Documentary,19/06/2024,n,,
The Accidental Twins,20/06/2024,n,,
Skywalkers: A Love Story,19/07/2024,n,,
Mountain Queen: The Summits of Lhakpa Sherpa,31/07/2024,n,,
"Mon Laferte, te amo",01/08/2024,n,,
Modern Masters: S. S. Rajamouli,02/08/2024,n,,
Inside the Mind of a Dog,09/08/2024,n,,
Daughters,14/08/2024,n,,
Untold: The Murder of Air McNair,20/08/2024,n,,
Secret Lives of Orangutans,22/08/2024,n,,
Untold: Sign Stealer,27/08/2024,n,,
Untold: Hope Solo vs. U.S. Soccer,03/09/2024,n,,
Apollo 13: Survival,05/09/2024,n,,
Jailbreak: Love on the Run,25/09/2024,n,,
An Invisible Victim: The Eliza Samudio Case,26/09/2024,n,,
Will & Harper,27/09/2024,n,,
The Menendez Brothers,07/10/2024,n,,
Breaking the Silence: The Maria Soledad Case,10/10/2024,n,,
Sweet Bobby: My Catfish Nightmare,16/10/2024,y,Sweet Bobby: My Catfish Nightmare,Kirat Assi
The Turnaround,18/10/2024,n,,
Yintah,18/10/2024,n,,
The Remarkable Life of Ibelin,25/10/2024,n,,
Martha,30/10/2024,n,,
It's All Over: The Kiss That Changed Spanish Football,01/11/2024,n,,
Return of the King: The Fall and Rise of Elvis Presley,13/11/2024,n,,
The Lost Children,14/11/2024,n,,
Nayanthara: Beyond the Fairytale,17/11/2024,n,,
Buy Now: The Shopping Conspiracy,20/11/2024,n,,
The Only Girl in the Orchestra,04/12/2024,n,,
Biggest Heist Ever,06/12/2024,n,,
Makayla's Voice: A Letter to the World,11/12/2024,n,,
Julia's Stepping Stone,18/12/2024,n,,
Yo Yo Honey Singh: Famous,20/12/2024,n,,
Avicii â€“ I'm Tim,31/12/2024,n,,
Society of the Snow: Who Were We on the Mountain?,24/01/2024,n,,
Sit Down with Stand Up Udom Taephanich,26/01/2024,n,,
The 30th Annual Screen Actors Guild Awards,24/02/2024,n,,
The Netflix Slam,03/03/2024,n,,
Creating a Universe â€“ The Making of Rebel Moon,19/04/2024,n,,
Rebel Moon â€“ Chapter One: Chalice of Blood,02/08/2024,n,,
Rebel Moon â€“ Chapter Two: Curse of Forgiveness,02/08/2024,n,,
Chestnut vs. Kobayashi: Unfinished Beef,02/09/2024,n,,
Olivia Rodrigo: GUTS World Tour,29/10/2024,n,,
Jake Paul vs. Mike Tyson,15/11/2024,n,,
A Nonsense Christmas with Sabrina Carpenter,06/12/2024,n,,
Family Pack: Fireplace,13/12/2024,n,,
Mid-Century Modern Fireplace,13/12/2024,n,,
Rustic Cabin Fireplace,13/12/2024,n,,
Spellbound: Fireplace,13/12/2024,n,,
White Christmas Fireplace,13/12/2024,n,,
Christmas Gameday: Chiefs vs. Steelers,25/12/2024,n,,
Christmas Gameday: Ravens vs. Texans,25/12/2024,n,,
Avicii â€“ My Last Show,31/12/2024,n,,
Sing: Thriller,16/10/2024,n,,
The Love Scam,01/01/2025,n,,
"Umjolo: My Beginning, My End!",03/01/2025,n,,
Wallace & Gromit: Vengeance Most Fowl,03/01/2025,n,,
Ad Vitam,10/01/2025,y,Ad Vitam,Serge Ravinel
Back in Action,17/01/2025,n,,
The Sand Castle,24/01/2025,n,,
Lucca's World,31/01/2025,n,,
Kinda Pregnant,05/02/2025,n,,
The Witcher: Sirens of the Deep,11/02/2025,y,A Little Sacrifice,Andrzej Sapkowski
Death Before the Wedding,12/02/2025,n,,
Honeymoon Crasher,12/02/2025,n,,
La Dolce Villa,13/02/2025,n,,
Dhoom Dhaam,14/02/2025,n,,
Love Forever,14/02/2025,n,,
The Most Beautiful Girl in the World,14/02/2025,n,,
Umjolo: There is No Cure,14/02/2025,n,,
A Copenhagen Love Story,26/02/2025,y,Sult (Hunger),Tine Høeg
Demon City,27/02/2025,n,,
The Wrong Track,27/02/2025,n,,
Sosyal Climbers,27/02/2025,n,,
Counterattack,28/02/2025,n,,
Squad 36,28/02/2025,n,,
Delicious,07/03/2025,n,,
Nadaaniyan,07/03/2025,n,,
Plankton: The Movie,07/03/2025,n,,
The Electric State,14/03/2025,y,The Electric State,Simon Stålenhag
Little Siberia,21/03/2025,y,Little Siberia,Antti Tuomainen
Revelations,21/03/2025,n,,
The Life List,28/03/2025,y,The Life List,Lori Nelson Spielman
Promised Hearts,31/03/2025,y,Setetes Embun Cinta Niyala,Habiburrahman El Shirazy
Banger,02/04/2025,n,,
Test,04/04/2025,n,,
The Dad Quest,09/04/2025,n,,
Frozen Hot Boys,10/04/2025,n,,
Meet the Khumalos,11/04/2025,n,,
iHostage,18/04/2025,n,,
Bullet Train Explosion,23/04/2025,n,,
Havoc,25/04/2025,n,,
Jewel Thief â€“ The Heist Begins,25/04/2025,n,,
Exterritorial,30/04/2025,n,,
The Biggest Fan,01/05/2025,n,,
Last Bullet,07/05/2025,n,,
Nonnas,09/05/2025,n,,
The Diplomat,09/05/2025,n,,
Fear Street: Prom Queen,23/05/2025,y,The Prom Queen(Fear Street #15),R. L. Stine
Off Track 2,23/05/2025,n,,
A Widow's Game,30/05/2025,n,,
Lost in Starlight,30/05/2025,n,,
The Heart Knows,30/05/2025,n,,
K.O.,06/06/2025,n,,
Straw,06/06/2025,n,,
Our Times,11/06/2025,n,,
Masameer Junior,12/06/2025,n,,
KPop Demon Hunters,20/06/2025,n,,
Semi-Soeter,20/06/2025,n,,
The Old Guard 2,02/07/2025,y,The Old Guard,Greg Rucka & Leandro Fernández
Ziam,09/07/2025,n,,
Brick,10/07/2025,n,,
Aap Jaisa Koi,11/07/2025,n,,
Almost Cops,11/07/2025,n,,
Madea's Destination Wedding,11/07/2025,n,,
Almost Family,18/07/2025,n,,
Wall to Wall,18/07/2025,n,,
A Normal Woman,24/07/2025,n,,
Happy Gilmore 2,25/07/2025,n,,
An Honest Life,31/07/2025,y,An Honest Life,Joakim Zander
My Oxford Year,01/08/2025,y,My Oxford Year,Julia Whelan
Fixed,13/08/2025,n,,
Night Always Comes,15/08/2025,y,The Night Always Comes,Willy Vlautin
Fall for Me,21/08/2025,n,,
Gold Rush Gang,21/08/2025,n,,
One Hit Wonder,21/08/2025,n,,
Abandoned Man,22/08/2025,n,,
Fantasy Football Ruined Our Lives,27/08/2025,n,,
Planet Single: Greek Adventure,27/08/2025,n,,
The Thursday Murder Club,28/08/2025,y,The Thursday Murder Club,Richard Osman
Love Untangled,29/08/2025,n,,
Inspector Zende,05/09/2025,y,Mumbai's Most Wanted, Madhukar Zende
Kontrabida Academy,11/09/2025,n,,
The Wrong Paris,12/09/2025,n,,
Same Day with Someone,18/09/2025,n,,
She Said Maybe,19/09/2025,n,,
French Lover,26/09/2025,n,,
Mantis,26/09/2025,n,,
Ruth & Boaz,26/09/2025,y,Ruth and Boaz: Strangers in the Land,Terri L. Fivash
Steve,03/10/2025,y,Shy,Max Porter
Caramelo,08/10/2025,n,,
Swim to Me,10/10/2025,n,,
The Woman in Cabin 10,10/10/2025,y,The Woman in Cabin 10,Ruth Ware
Everybody Loves Me When I'm Dead,14/10/2025,n,,
Inside Furioza,15/10/2025,n,,
The Time That Remains,16/10/2025,n,,
27 Nights,17/10/2025,y,Veintisiete noches (27 Nights),Natalia Zito
Good News,17/10/2025,n,,
She Walks in Darkness,17/10/2025,n,,
The Twits,17/10/2025,y,The Twits,Roald Dahl
The Elixir,23/10/2025,n,,
A House of Dynamite,24/10/2025,n,,
Ballad of a Small Player,29/10/2025,y,The Ballad of a Small Player,Lawrence Osborne
Baramulla,07/11/2025,n,,
Frankenstein,07/11/2025,y,Frankenstein,Mary Shelley
Groom & Two Brides,07/11/2025,n,,
Mango,07/11/2025,n,,
A Merry Little Ex-Mas,12/11/2025,n,,
Tee Yai: Born to Be Bad,13/11/2025,n,,
In Your Dreams,14/11/2025,n,,
Lefter: The Story of the Ordinarius,14/11/2025,n,,
Champagne Problems,19/11/2025,n,,
The Son of a Thousand Men,19/11/2025,y,The Son of a Thousand Men,Valter Hugo Mãe
The Follies,20/11/2025,n,,
Train Dreams,21/11/2025,y,Train Dreams,Denis Johnson
Jingle Bell Heist,26/11/2025,n,,
Troll 2,01/12/2025,n,,
My Secret Santa,03/12/2025,n,,
I Wish You Had Told Me,04/12/2025,n,,
Jay Kelly,05/12/2025,n,,
Love and Wine,05/12/2025,n,,
Stephen,05/12/2025,n,,
The Night My Dad Saved Christmas 2,05/12/2025,n,,
Lost in the Spotlight,11/12/2025,n,,
The Fakenapping,11/12/2025,n,,
Wake Up Dead Man: A Knives Out Mystery,12/12/2025,n,,
10Dance,18/12/2025,y,10Dance,Satoh Inoue
A Time for Bravery,19/12/2025,n,,
Raat Akeli Hai âˆ’ The Bansal Murders,19/12/2025,n,,
The Great Flood,19/12/2025,n,,
Goodbye June,24/12/2025,n,,
Don't Die: The Man Who Wants to Live Forever,01/01/2025,n,,
Matter of Time,09/02/2025,n,,
Miss Italia Mustn't Die,26/02/2025,n,,
Larissa: The Other Side of Anitta,06/03/2025,n,,
Chaos: The Manson Murders,07/03/2025,y,"CHAOS: Charles Manson, the CIA, and the Secret History of the Sixties",Tom O'Neill & Dan Piepenbring
The Twister: Caught in the Storm,19/03/2025,n,,
Con Mum,25/03/2025,n,,
Oklahoma City Bombing: American Terror,18/04/2025,n,,
Pangolin: Kulu's Journey,21/04/2025,n,,
Britain and the Blitz,05/05/2025,n,,
Untold: Shooting Guards,06/05/2025,n,,
Karol G: Tomorrow was Beautiful,08/05/2025,n,,
A Deadly American Marriage,09/05/2025,n,,
Untold: The Liver King,13/05/2025,n,,
Vini Jr.,15/05/2025,n,,
The Quilters,16/05/2025,n,,
Untold: The Fall of Favre,20/05/2025,n,,
Air Force Elite: Thunderbirds,23/05/2025,n,,
I'm Your Venus,06/06/2025,n,,
Titan: The OceanGate Disaster,11/06/2025,n,,
Latin Blood - The Ballad of Ney Matogrosso,17/06/2025,y,Ney Matogrosso: A Biografia,Julio Maria
Grenfell: Uncovered,20/06/2025,n,,
Shark Whisperer,30/06/2025,n,,
Countdown: Taylor vs. Serrano,03/07/2025,n,,
Apocalypse in the Tropics,14/07/2025,n,,
I'm Still a Superstar,18/07/2025,n,,
Sunday Best: The Untold Story of Ed Sullivan,21/07/2025,n,,
Stolen: Heist of the Century,08/08/2025,n,,
Songs From the Hole,13/08/2025,n,,
The Truth About Jussie Smollett?,22/08/2025,n,,
Christopher âˆ’ A Beautiful Real Life,27/08/2025,n,,
Millionaire,28/08/2025,n,,
Unknown Number: The High School Catfish,29/08/2025,n,,
Rebel Royals: An Unlikely Love Story,16/09/2025,n,,
Rockstar: Duki from the End of the World,02/10/2025,n,,
"My Father, the BTK Killer",10/10/2025,n,,
The Perfect Neighbor,17/10/2025,n,,
Who Killed the Montreal Expos?,21/10/2025,n,,
Babo: The Haftbefehl Story,28/10/2025,n,,
Aileen: Queen of the Serial Killers,30/10/2025,n,,
In Waves and War,07/11/2025,y,In Waves,AJ Dungo
Being Eddie,12/11/2025,n,,
EloÃ¡ the Hostage: Live on TV,12/11/2025,n,,
Selena y Los Dinos: A Family's Legacy,17/11/2025,n,,
The Carman Family Deaths,19/11/2025,n,,
Dining with the Kapoors,21/11/2025,n,,
The Stringer: The Man Who Took the Photo,28/11/2025,n,,
All the Empty Rooms,01/12/2025,n,,
Lali: Time to Step Up,04/12/2025,n,,
The New Yorker at 100,05/12/2025,n,,
"Masaka Kids, A Rhythm Within",09/12/2025,n,,
Murder in Monaco,17/12/2025,n,,
Breakdown: 1975,19/12/2025,n,,
Elway,22/12/2025,n,,
Cover-Up,26/12/2025,n,,
Evil Influencer: The Jodi Hildebrandt Story,30/12/2025,n,,
Anuja,05/02/2025,n,,
The 31st Annual Screen Actors Guild Awards,23/02/2025,n,,
"Welcome, Now Get Lost",13/05/2025,n,,
Netflix Tudum 2025,31/05/2025,n,,
Katie Taylor vs. Amanda Serrano,11/07/2025,n,,
Canelo Ãlvarez vs. Terence Crawford,13/09/2025,n,,
Dr. Seuss's The Sneetches,03/11/2025,y,The Sneetches and Other Stories,Dr. Seuss
One Shot with Ed Sheeran,21/11/2025,n,,
KPop Demon Hunters: Fireplace,01/12/2025,n,,
The Making of Jay Kelly,05/12/2025,n,,
Elmo and Mark Rober's Merry Giftmas,08/12/2025,n,,
Jake Paul vs. Anthony Joshua,19/12/2025,n,,
Christmas Gameday: Cowboys vs. Commanders,25/12/2025,n,,
Christmas Gameday: Lions vs. Vikings,25/12/2025,n,,
Snoop's Holiday Halftime Party,25/12/2025,n,,
People We Meet on Vacation,09/01/2026,y,People We Meet on Vacation,Emily Henry
The Rip,16/01/2026,n,,
Cosmic Princess Kaguya!,22/01/2026,n,,
From the Ashes: The Pit,22/01/2026,n,,
The Big Fake,23/01/2026,n,,
A Letter to My Youth,29/01/2026,n,,
This Is I,10/02/2026,n,,
State of Fear,11/02/2026,n,,
Joe's College Road Trip,13/02/2026,n,,
The Swedish Connection,19/02/2026,n,,
Firebreak,20/02/2026,n,,
Pavane,20/02/2026,y,Pavane for a Dead Princess,Park Min-gyu
Accused,27/02/2026,n,,
Street Flow 3,04/03/2026,n,,
Made in Korea,12/03/2026,n,,
Peaky Blinders: The Immortal Man,20/03/2026,n,,
The Red Line,26/03/2026,n,,
53 Sundays,27/03/2026,n,,
Eat Pray Bark,01/04/2026,n,,
It Takes a Village,01/04/2026,n,,
The Giant Falls,01/04/2026,n,,
Feel My Voice,03/04/2026,n,,
18th Rose,09/04/2026,n,,
Thrash,10/04/2026,n,,
Toaster,15/04/2026,n,,
180,17/04/2026,n,,
Roommates,17/04/2026,n,,
Apex,24/04/2026,n,,
Je m'appelle Agneta,29/04/2026,y,Jag heter Agneta,Emma Hamberg
My Dearest SeÃ±orita,01/05/2026,n,,
Swapped,01/05/2026,n,,
My Dearest Assassin,07/05/2026,n,,
Remarkably Bright Creatures,08/05/2026,y,Remarkably Bright Creatures,Shelby Van Pelt
Bride of the Year,15/05/2026,n,,
Kartavya,15/05/2026,n,,
Maa Behen,04/06/2026,n,,
The Marked Woman,05/06/2026,n,,
Mexico 86,05/06/2026,n,,
Office Romance,05/06/2026,n,,
Colors of Evil: Black,10/06/2026,y,Kolory zła. Czerń (Colors of Evil: Black),Małgorzata Oliwia Sobczak
Kidnapped: Elizabeth Smart,21/01/2026,n,,
Miracle: The Boys of '80,30/01/2026,n,,
The Investigation of Lucy Letby,04/02/2026,n,,
Queen of Chess,06/02/2026,n,,
Louis Theroux: Inside the Manosphere,11/03/2026,n,,
Barbara â€“ Becoming Shirin David,13/03/2026,n,,
The Plastic Detox,16/03/2026,n,,
"The Rise of the Red Hot Chili Peppers: Our Brother, Hillel",20/03/2026,n,,
BTS: The Return,27/03/2026,n,,
Untold: The Death & Life of Lamar Odom,31/03/2026,n,,
The Truth and Tragedy of Moriah Wilson,03/04/2026,n,,
Untold: Chess Mates,07/04/2026,n,,
Noah Kahan: Out of Body,13/04/2026,n,,
Untold: Jail Blazers,14/04/2026,n,,
A Gorilla Story: Told by David Attenborough,17/04/2026,n,,
Beyond the Game: Samurai 2026 World Baseball Classic,20/04/2026,n,,
Untold: The Shooting at Hawthorne Hill,21/04/2026,n,,
Lainey Wilson: Keepin' Country Cool,22/04/2026,n,,
Yiya Murano: Death at Tea Time,23/04/2026,n,,
Countdown: Rousey vs. Carano,06/05/2026,n,,
"Marty, Life Is Short",12/05/2026,n,,
Untold UK: Jamie Vardy,12/05/2026,n,,
The Bus: A French Football Mutiny,13/05/2026,n,,
The Crash,15/05/2026,n,,
Untold UK: Liverpool's Miracle of Istanbul,19/05/2026,n,,
Untold UK: Vinnie Jones,26/05/2026,n,,
Room to Move,27/05/2026,n,,
Emi MartÃ­nez: The Kid Who Stops Time,28/05/2026,n,,
"Instadocs: Alex Murdaugh, Unconvicted",30/05/2026,n,,
The Murder of Rachel Nickell,04/06/2026,n,,
Poldi,04/06/2026,n,,
USA 94: Brazil's Return to Glory,07/06/2026,n,,
Maternal Instinct,12/06/2026,n,,
Skyscraper Live,25/01/2026,n,,
The Actor Awards Presented by SAG-AFTRA,01/03/2026,n,,
Harry Styles. One Night in Manchester.,08/03/2026,n,,
BTS The Comeback Live Arirang,21/03/2026,n,,
MLB Opening Night: Yankees vs. Giants,25/03/2026,n,,
Tyson Fury vs. Arslanbek Makhmudov,11/04/2026,n,,
Supernova Strikers: Genesis,26/04/2026,n,,
Ronda Rousey vs. Gina Carano,17/05/2026,n,,
The Singers,13/02/2026,n,,
