Title,Premiere,Rated,imdb_rating,imdb_votes,imdb_genre,imdb_year,imdb_type,is_book_adaptation,book_title,book_author,search_key,platform,goodreads_rating,keep
Reacher,04/02/2022,TV-MA,8,291841,"Action, Crime, Drama",2022,series,y,jack reacher series,lee child,jack reacher,Amazon,4.08,y
The Summer I Turned Pretty,17/06/2022,TV-14,7.2,74872,"Drama, Romance",2022,series,y,the summer i turned pretty,jenny han,the summer i turned pretty,Amazon,3.73,y
The Terminal List,01/07/2022,TV-MA,7.9,127044,"Action, Drama, Thriller",2022,series,y,the terminal list,jack carr,the terminal list,Amazon,4.29,y
The Lord of the Rings: The Rings of Power,01/09/2022,TV-14,6.9,436113,"Action, Adventure, Drama",2022,series,y,the lord of the rings and related middle-earth works,j. r. r. tolkien,the lord of the rings and related middle-earth works,Amazon,4.5,y
Cross,14/11/2024,TV-MA,7.2,34967,"Action, Crime, Drama",2024,series,y,alex cross series,james patterson,alex cross,Amazon,4.13,y
We Were Liars,18/06/2025,TV-14,6.8,15550,"Drama, Mystery, Romance",2025,series,y,we were liars,e. lockhart,we were liars,Amazon,3.66,y
Ballard,09/07/2025,TV-14,7.5,22736,"Crime, Drama",2025,series,y,renÃ©e ballard novels,michael connelly,renÃ©e ballard,Amazon,4.12,y
The Terminal List: Dark Wolf,27/08/2025,TV-MA,7.6,26656,"Action, Drama, Thriller",2025,series,y,the terminal list universe,jack carr,the terminal list,Amazon,4.29,y
56 Days,18/02/2026,,6.5,1393,"Crime, Drama, Mystery",2026,series,y,56 days,catherine ryan howard,56 days,Amazon,3.71,y
Young Sherlock,04/03/2026,TV-14,7.5,24793,"Action, Adventure, Drama",2026,series,y,young sherlock holmes series,andrew lane,young sherlock holmes,Amazon,3.72,y
Scarpetta,11/03/2026,TV-MA,6,14872,"Crime, Drama, Mystery",2026,series,y,kay scarpetta series,patricia cornwell,kay scarpetta,Amazon,4.03,y
Off Campus,13/05/2026,TV-MA,8.2,2076,"Drama, Romance, Sport",2026,series,y,off-campus series,elle kennedy,off-campus,Amazon,4.19,y
Invincible,25/03/2021,TV-MA,8.7,325720,"Animation, Action, Adventure",2021,series,y,invincible,robert kirkman,invincible,Amazon,4.53,y
Batman: Caped Crusader,01/08/2024,TV-14,7.2,16288,"Animation, Action, Crime",2024,series,y,batman comics,dc comics,batman comics,Amazon,3.94,y
Tatsuki Fujimoto 17-26,07/11/2025,TV-MA,8,2429,"Animation, Drama, Fantasy",2025,series,y,tatsuki fujimoto short manga collections,tatsuki fujimoto,tatsuki fujimoto short manga collections,Amazon,,n
The Silent Service,09/02/2024,,6.9,263,"Action, Drama, Thriller",2024,series,y,the silent service,kaiji kawaguchi,the silent service,Amazon,,n
Red Queen,29/02/2024,,6.8,6354,"Crime, Drama, Thriller",2024,series,y,red queen,juan gÃ³mez-jurado,red queen,Amazon,4.08,y
The House of the Spirits,29/04/2026,R,7.7,1779,"Drama, Romance, Haunting",2026,series,y,the house of the spirits,isabel allende,the house of the spirits,Amazon,4.3,y
Maxton HallÃ¢â‚¬â€The World Between Us,09/05/2024,TV-MA,7.5,22556,"Drama, Romance",2024,series,y,save me,mona kasten,save me,Amazon,3.96,y
One Night in Idaho: The College Murders,11/07/2025,TV-14,7.1,2020,"Documentary, Crime",2025,series,y,the idaho four: an american tragedy,james patterson and vicky ward,the idaho four: an american tragedy,Amazon,3.5,y
The Aeronauts,20/12/2019,PG-13,6.6,39885,"Action, Adventure, Drama",2019,movie,y,falling upwards: how we took to the air,richard holmes,falling upwards: how we took to the air,Amazon,3.8,y
Bloodshot,27/03/2020,PG-13,5.7,90285,"Action, Adventure, Sci-Fi",2020,movie,y,bloodshot,"kevin vanhook, don perlin, bob layton",bloodshot,Amazon,3.89,y
Radioactive,24/07/2020,PG-13,6.3,23792,"Biography, Drama, Romance",2019,movie,y,radioactive: marie & pierre curie: a tale of love and fallout,lauren redniss,radioactive: marie & pierre curie: a tale of love and fallout,Amazon,4.03,y
Chemical Hearts,21/08/2020,R,6.3,17270,"Drama, Romance",2020,movie,y,our chemical hearts,krystal sutherland,our chemical hearts,Amazon,3.73,y
The Postcard Killings,25/09/2020,Not Rated,5.8,18316,"Crime, Drama, Mystery",2020,movie,y,the postcard killers,james patterson & liza marklund,the postcard killers,Amazon,3.83,y
Evil Eye,13/10/2020,Not Rated,4.8,4377,"Horror, Mystery, Thriller",2020,movie,y,evil eye,madhuri shekar,evil eye,Amazon,4,y
Soorarai Pottru,12/11/2020,TV-MA,8.7,127179,Drama,2020,movie,y,simply fly: a deccan odyssey,g. r. gopinath,simply fly: a deccan odyssey,Amazon,4.21,y
The Map of Tiny Perfect Things,12/02/2021,PG-13,6.8,32443,"Comedy, Fantasy, Romance",2021,movie,y,the map of tiny perfect things,lev grossman,the map of tiny perfect things,Amazon,3.93,y
Without Remorse,30/04/2021,R,5.8,70410,"Action, Drama, Thriller",2021,movie,y,without remorse,tom clancy,without remorse,Amazon,4.22,y
The Mad Women's Ball,17/09/2021,,6.7,4727,"Drama, Thriller",2021,movie,y,le bal des folles,victoria mas,le bal des folles,Amazon,3.79,y
Birds of Paradise,24/09/2021,R,5.9,3092,Drama,2021,movie,y,bright burning stars,a. k. small,bright burning stars,Amazon,3.49,y
The Tender Bar,07/01/2022,R,6.7,36714,"Biography, Drama, Romance",2021,movie,y,the tender bar,j. r. moehringer,the tender bar,Amazon,4,y
Homestay,11/02/2022,,6.4,323,"Drama, Fantasy, Mystery, and Romance",2022,movie,y,colorful,eto mori,colorful,Amazon,4.01,y
All the Old Knives,08/04/2022,R,6.1,31887,"Mystery, Thriller",2022,movie,y,all the old knives,olen steinhauer,all the old knives,Amazon,3.68,y
My Best Friend's Exorcism,30/09/2022,R,5.3,7356,"Comedy, Horror, Thriller",2022,movie,y,my best friend's exorcism,grady hendrix,my best friend's exorcism,Amazon,3.92,y
Catherine Called Birdy,07/10/2022,PG-13,6.6,8895,Adventure,2022,movie,y,catherine called birdy,karen cushman,catherine called birdy,Amazon,3.74,y
My Policeman,04/11/2022,R,6.5,23579,"Drama, Romance",2022,movie,y,my policeman,bethan roberts,my policeman,Amazon,3.99,y
The People We Hate at the Wedding,18/11/2022,R,5.8,11877,Comedy,2022,movie,y,the people we hate at the wedding,grant ginder,the people we hate at the wedding,Amazon,2.84,y
Something from Tiffany's,09/12/2022,PG,6.2,12708,"Comedy, Family, Romance",2022,movie,y,something from tiffany's,melissa hill,something from tiffany's,Amazon,3.41,y
Perfect Addiction,23/03/2023,R,5.5,4496,"Action, Drama, Romance",2023,movie,y,perfect addiction,claudia tan,perfect addiction,Amazon,3.88,y
Beautiful Disaster,05/05/2023,R,5.3,15484,"Comedy, Drama, Romance",2023,movie,y,beautiful disaster,jamie mcguire,beautiful disaster,Amazon,4,y
Ang Mga Kaibigan ni Mama Susan,18/05/2023,,5.1,153,"Horror, Thriller",2023,movie,y,ang mga kaibigan ni mama susan,bob ong,ang mga kaibigan ni mama susan,Amazon,3.82,y
My Fault,08/06/2023,R,4.2,7120,"Crime, Drama, Thriller",2024,movie,y,culpa mÃ­a,mercedes ron,culpa mÃ­a,Amazon,3.73,y
"Red, White & Royal Blue",11/08/2023,PG-13,7,65825,"Comedy, Romance",2023,movie,y,red white & royal blue,casey mcquiston,red white & royal blue,Amazon,4.05,y
Sitting in Bars with Cake,08/09/2023,PG-13,6.4,3557,"Comedy, Drama, Romance",2023,movie,y,sitting in bars with cake,audrey shulman,sitting in bars with cake,Amazon,3.21,y
Pippa,10/11/2023,,6.2,2747,"Action, Drama, History",2023,movie,y,young blood,brigadier balram singh mehta,young blood,Amazon,4.2,y
Bihter,16/11/2023,,3.6,4217,"Drama, History",2023,movie,y,a?k-? memnu,halit ziya u?akl?gil,a?k-? memnu,Amazon,,n
Silver and the Book of Dreams,08/12/2023,,5.5,2719,"Drama, Fantasy, Romance",2023,movie,y,silver: the first book of dreams,kerstin gier,silver: the first book of dreams,Amazon,4.12,y
Foe,05/01/2024,R,5.4,12670,"Drama, Romance, Sci-Fi",2023,movie,y,foe,iain reid,foe,Amazon,3.69,y
Landscape with Invisible Hand,09/01/2024,R,5.9,4189,"Comedy, Drama, Sci-Fi",2023,movie,y,landscape with invisible hand,m. t. anderson,landscape with invisible hand,Amazon,3.57,y
Five Blind Dates,13/02/2024,,5,1808,"Comedy, Romance",2024,movie,y,five blind dates,erin la rosa,five blind dates,Amazon,,n
The Boys in the Boat,29/03/2024,PG-13,7,29396,"Biography, Drama, History",2023,movie,y,the boys in the boat,daniel james brown,the boys in the boat,Amazon,4.39,y
The Idea of You,02/05/2024,R,6.3,82785,"Comedy, Drama, Music",2024,movie,y,the idea of you,robinne lee,the idea of you,Amazon,3.73,y
Beautiful Wedding,17/05/2024,R,4.1,4475,"Comedy, Romance",2024,movie,y,a beautiful wedding,jamie mcguire,a beautiful wedding,Amazon,3.94,y
Arthur the King,24/05/2024,PG-13,7,38268,"Adventure, Drama, Sport",2024,movie,y,arthur: the dog who crossed the jungle to find a home,mikael lindnord,arthur: the dog who crossed the jungle to find a home,Amazon,4.06,y
Killer Heat,26/09/2024,R,5.6,14633,"Crime, Drama, Mystery",2024,movie,y,the jealousy man,jo nesbÃ¸,the jealousy man,Amazon,3.65,y
Apocalypse Z: The Beginning of the End,31/10/2024,,6.1,22936,"Action, Horror, Sci-Fi",2024,movie,y,apocalypse z: the beginning of the end,manel loureiro,apocalypse z: the beginning of the end,Amazon,3.89,y
Unstoppable,16/01/2025,PG-13,5.8,36,"Drama, Sport",2025,movie,y,unstoppable: a memoir,anthony robles,unstoppable: a memoir,Amazon,,n
My Fault: London,13/02/2025,,6.2,13668,"Drama, Romance",2025,movie,y,culpa mÃ­a,mercedes ron,culpa mÃ­a,Amazon,3.73,y
The Map That Leads to You,20/08/2025,PG-13,6.2,12831,"Drama, Romance",2025,movie,y,the map that leads to you,j. p. monninger,the map that leads to you,Amazon,3.56,y
Hedda,29/10/2025,R,5.8,4337,"Drama, Romance",2025,movie,y,hedda gabler,henrik ibsen,hedda gabler,Amazon,4.11,y
Relationship Goals,04/02/2026,PG-13,4.6,1056,"Comedy, Romance",2026,movie,y,relationship goals,michael todd,relationship goals,Amazon,4.08,y
All In: The Fight for Democracy,18/09/2020,PG-13,6.9,2076,Documentary,2020,movie,y,our time is now,stacey abrams,our time is now,Amazon,4.41,y
Val,06/08/2021,R,7.5,14820,"Documentary, Biography",2021,movie,y,i'm your huckleberry,val kilmer,i'm your huckleberry,Amazon,3.69,y
My Name Is Pauli Murray,01/10/2021,PG-13,7.1,517,"Documentary, Biography",2021,movie,y,song in a weary throat,pauli murray,song in a weary throat,Amazon,4.59,y
Good Night Oppy,23/11/2022,PG,7.7,5333,Documentary,2022,movie,y,roving mars,steve squyres,roving mars,Amazon,4.33,y
Silver Dollar Road,13/10/2023,PG,6.6,461,Documentary,2023,movie,y,the land of the living,david zucchino,the land of the living,Amazon,,n
What the Constitution Means to Me,16/10/2020,,7.5,782,Drama,2020,movie,y,what the constitution means to me,heidi schreck,what the constitution means to me,Amazon,4.29,y
Virgin River,06/12/2019,TV-14,7.4,57217,"Drama, Romance",2019,series,y,virgin river series,robyn carr,virgin river,Netflix,4.01,y
The Witcher,20/12/2019,TV-MA,7.9,618310,"Action, Adventure, Drama",2019,series,y,the witcher series,andrzej sapkowski,the witcher,Netflix,4.1,y
Sweet Magnolias,19/05/2020,TV-14,7.3,27427,"Drama, Romance",2020,series,y,sweet magnolias series,sherryl woods,sweet magnolias,Netflix,3.97,y
Bridgerton,25/12/2020,TV-MA,7.5,219043,"Drama, Romance",2020,series,y,bridgerton series,julia quinn,bridgerton,Netflix,3.79,y
The Lincoln Lawyer,13/05/2022,TV-MA,7.8,98527,"Crime, Drama, Mystery, Thriller",2022,series,y,the brass verdict,michael connelly,the brass verdict,Netflix,4.25,y
The Night Agent,23/03/2023,TV-MA,7.4,151290,"Action, Drama, Thriller",2023,series,y,the night agent,matthew quirk,the night agent,Netflix,4.01,y
My Life with the Walter Boys,07/12/2023,TV-14,6.8,22962,"Drama, Romance",2023,series,y,my life with the walter boys,ali novak,my life with the walter boys,Netflix,3.77,y
3 Body Problem,21/03/2024,TV-MA,7.5,177200,"Adventure, Drama, Fantasy",2024,series,y,the three-body problem,liu cixin,the three-body problem,Netflix,4.08,y
Ransom Canyon,17/04/2025,TV-MA,6.8,9381,"Drama, Romance, Western",2025,series,y,ransom canyon series,jodi thomas,ransom canyon,Netflix,3.81,y
Forever,08/05/2025,TV-MA,7.6,4911,"Drama, Romance",2025,series,y,foreverâ€¦,judy blume,foreverâ€¦,Netflix,3.62,y
Bet,15/05/2025,TV-MA,6.4,5328,"Crime, Drama, Mystery",2025,series,y,kakegurui,homura kawamoto,kakegurui,Netflix,4.18,y
Dept. Q,29/05/2025,TV-MA,8.1,111779,"Crime, Drama, Mystery",2025,series,y,the keeper of lost causes,jussi adler-olsen,the keeper of lost causes,Netflix,4.01,y
Agatha Christie's Seven Dials,15/01/2026,TV-14,6.3,801,"Crime, Drama, Mystery",2026,series,y,the seven dials mystery,agatha christie,the seven dials mystery,Netflix,3.78,y
Finding Her Edge,22/01/2026,TV-PG,5.9,4172,"Drama, Family, Romance",2026,series,y,finding her edge,jennifer iacopelli,finding her edge,Netflix,3.22,y
Man on Fire,30/04/2026,TV-MA,6.7,11900,"Action, Crime, Drama, Thriller",2026,series,y,man on fire,a. j. quinnell,man on fire,Netflix,4.28,y
One Piece,31/08/2023,TV-14,8.3,208183,"Action, Adventure, Comedy, Drama, Fantasy",2023,series,y,one piece,eiichiro oda,one piece,Netflix,4.49,y
Geek Girl,30/05/2024,TV-PG,6.7,8072,"Comedy, Drama",2024,series,y,geek girl,holly smale,geek girl,Netflix,3.79,y
Record of Ragnarok,17/06/2021,TV-14,6.5,10772,"Animation, Action, Adventure",2021,series,y,record of ragnarok,"shinya umemura, takumi fukui, azychika",record of ragnarok,Netflix,3.95,y
Leviathan,10/07/2025,TV-14,6.7,788,"Animation, Action, Drama, Fantasy, History, Sci-Fi, War",2025,series,y,leviathan,scott westerfeld,leviathan,Netflix,3.92,y
"Dr. Seuss's Red Fish, Blue Fish",08/09/2025,TV-G,7.3,42,"Animation, Adventure, Comedy",2025,series,y,one fish two fish red fish blue fish,dr. seuss,one fish two fish red fish blue fish,Netflix,4.19,y
Lupin,08/01/2021,TV-MA,7.5,154909,"Action, Crime, Drama",2021,series,y,arsÃ¨ne lupin series,maurice leblanc,arsÃ¨ne lupin,Netflix,3.85,y
Flunked,23/04/2026,,6.6,1121,Comedy,2026,series,y,flunked,jen calonita,flunked,Netflix,3.83,y
The Empress,29/09/2022,TV-MA,7.8,20249,"Drama, History, Romance",2022,series,y,the empress,gigi griffis,the empress,Netflix,3.52,y
Murder Mindfully,31/10/2024,TV-MA,7.4,10956,"Comedy, Crime, Mystery",2024,series,y,murder mindfully,karsten dusse,murder mindfully,Netflix,4.03,y
Mismatched,20/11/2020,TV-MA,6,6256,"Comedy, Drama, Romance",2020,series,y,when dimple met rishi,sandhya menon,when dimple met rishi,Netflix,3.68,y
Black Warrant,10/01/2025,TV-MA,7.9,7552,"Crime, Drama",2025,series,y,black warrant: confessions of a tihar jailer,"sunil gupta, sunetra choudhury",black warrant: confessions of a tihar jailer,Netflix,4.17,y
Last Samurai Standing,13/11/2025,TV-MA,7.6,19071,"Action, Drama, History",2025,series,y,ikusagami,shogo imamura,ikusagami,Netflix,3.87,y
Viral Hit,11/06/2026,TV-MA,7.1,524,"Action, Drama, Thriller",2026,series,y,viral hit,park tae-jun,viral hit,Netflix,4.13,y
All of Us Are Dead,28/01/2022,TV-MA,7.6,87687,"Action, Drama, Fantasy",2022,series,y,now at our school,joo dong-geun,now at our school,Netflix,3.87,y
Bloodhounds,09/06/2023,TV-MA,8.1,26563,"Action, Crime, Drama",2023,series,y,bloodhounds,jeong chan,bloodhounds,Netflix,,n
The Price of Confession,05/12/2025,TV-MA,7.6,3034,"Crime, Drama, Mystery",2025,series,y,the price of confession,kwon min-soo,the price of confession,Netflix,,n
Million-Follower Detective,12/02/2026,TV-MA,5.9,206,"Crime, Drama, Thriller",2026,series,y,the case files of young blood,feng nong,the case files of young blood,Netflix,,n
One Hundred Years of Solitude,11/12/2024,TV-MA,8.3,18967,"Drama, Fantasy, History",2024,series,y,one hundred years of solitude,gabriel garcÃ­a mÃ¡rquez,one hundred years of solitude,Netflix,4.12,y
The Eternaut,30/04/2025,TV-MA,7.3,35583,"Action, Adventure, Drama",2025,series,y,the eternaut,hÃ©ctor germÃ¡n oesterheld,the eternaut,Netflix,4.35,y
The Ãƒâ€¦re Murders,06/02/2025,TV-MA,6.7,13016,"Crime, Drama, Mystery",2025,series,y,hidden in snow,viveca sten,hidden in snow,Netflix,4.03,y
The Chestnut Man,29/09/2021,TV-MA,7.6,66008,"Crime, Drama, Mystery",2021,series,y,the chestnut man,sÃ¸ren sveistrup,the chestnut man,Netflix,4.21,y
The Hunting Wives,21/07/2025,TV-MA,6.8,17521,"Drama, Mystery, Thriller",2025,series,y,the hunting wives,may cobb,the hunting wives,Netflix,3.47,y
A Good Girl's Guide to Murder,01/08/2024,TV-MA,6.8,20870,"Crime, Drama, Mystery",2024,series,y,a good girl's guide to murder,holly jackson,a good girl's guide to murder,Netflix,4.28,y
Beasts of No Nation,16/10/2015,TV-MA,7.7,90320,"Drama, War",2015,movie,y,beasts of no nation,uzodinma iweala,beasts of no nation,Netflix,3.8,y
"Crouching Tiger, Hidden Dragon: Sword of Destiny",26/02/2016,PG-13,6.1,21585,"Action, Adventure, Drama",2016,movie,y,iron knight silver vase,wang dulu,iron knight silver vase,Netflix,,n
The Fundamentals of Caring,24/06/2016,TV-MA,7.3,81560,"Comedy, Drama",2016,movie,y,the revised fundamentals of caregiving,jonathan evison,the revised fundamentals of caregiving,Netflix,3.78,y
Coin Heist,06/01/2017,TV-14,4.8,3039,"Crime, Drama, Romance",2017,movie,y,coin heist,elisa ludwig,coin heist,Netflix,3.3,y
iBOY,27/01/2017,TV-MA,5.9,24700,"Action, Crime, Sci-Fi",2017,movie,y,iboy,kevin brooks,iboy,Netflix,3.56,y
BLAME!,20/05/2017,TV-14,6.6,9956,"Animation, Action, Drama",2017,movie,y,blame!,tsutomu nihei,blame!,Netflix,4.14,y
Death Note,25/08/2017,TV-MA,4.7,96365,"Crime, Drama, Fantasy, Horror, Mystery, Thriller",2017,movie,y,death note,tsugumi ohba & takeshi obata,death note,Netflix,4.47,y
First They Killed My Father,15/09/2017,TV-MA,7.2,21999,"Biography, Drama, History",2017,movie,y,first they killed my father: a daughter of cambodia remembers,loung ung,first they killed my father: a daughter of cambodia remembers,Netflix,4.36,y
Gerald's Game,29/09/2017,TV-MA,6.5,140266,"Drama, Horror, Thriller",2017,movie,y,gerald's game,stephen king,gerald's game,Netflix,3.59,y
Our Souls at Night,29/09/2017,TV-14,6.9,16598,"Drama, Romance",2017,movie,y,our souls at night,kent haruf,our souls at night,Netflix,3.92,y
1922,20/10/2017,TV-MA,6.2,76666,"Crime, Drama, Horror",2017,movie,y,1922,stephen king,1922,Netflix,3.89,y
A Futile and Stupid Gesture,26/01/2018,TV-MA,6.7,18199,"Biography, Comedy",2018,movie,y,a futile and stupid gesture: how doug kenney and national lampoon changed comedy forever,josh karp,a futile and stupid gesture: how doug kenney and national lampoon changed comedy forever,Netflix,3.81,y
Amateur,06/04/2018,TV-MA,5.9,5605,"Comedy, Crime, Drama",2018,movie,y,amateur,walter dean myers,amateur,Netflix,,n
The Kissing Booth,11/05/2018,TV-14,5.9,102962,"Comedy, Romance",2018,movie,y,the kissing booth,beth reekles,the kissing booth,Netflix,3.48,y
To All the Boys I've Loved Before,17/08/2018,TV-14,7,138522,"Comedy, Drama, Romance",2018,movie,y,to all the boys i've loved before,jenny han,to all the boys i've loved before,Netflix,4.04,y
The Land of Steady Habits,14/09/2018,TV-MA,6.2,9330,"Comedy, Drama",2018,movie,y,the land of steady habits,ted thompson,the land of steady habits,Netflix,3.49,y
Nappily Ever After,21/09/2018,TV-MA,6.4,10326,"Comedy, Drama, Romance",2018,movie,y,nappily ever after,trisha r. thomas,nappily ever after,Netflix,3.84,y
Hold the Dark,28/09/2018,TV-MA,5.7,41940,"Action, Crime, Drama",2018,movie,y,hold the dark,william giraldi,hold the dark,Netflix,3.44,y
Mowgli: Legend of the Jungle,07/12/2018,PG-13,6.5,67737,"Adventure, Drama, Fantasy",2018,movie,y,the jungle book,rudyard kipling,the jungle book,Netflix,3.89,y
Bird Box,21/12/2018,R,6.6,416211,"Horror, Mystery, Sci-Fi",2018,movie,y,bird box,josh malerman,bird box,Netflix,4.05,y
Angela's Christmas,30/11/2018,G,7,3552,"Animation, Short, Adventure",2017,movie,y,angela's christmas,frank mccourt,angela's christmas,Netflix,4.08,y
Polar,25/01/2019,TV-MA,6.3,104870,"Action, Crime, Thriller",2019,movie,y,polar,vÃ­ctor santos,polar,Netflix,3.36,y
The Dirt,22/03/2019,TV-MA,7,59771,"Biography, Comedy, Drama",2019,movie,y,the dirt: confessions of the world's most notorious rock band,mÃ¶tley crÃ¼e & neil strauss,the dirt: confessions of the world's most notorious rock band,Netflix,4.14,y
The Perfect Date,12/04/2019,TV-14,5.8,46111,"Comedy, Romance",2019,movie,y,the stand-in,steve bloom,the stand-in,Netflix,2.95,y
Good Sam,16/05/2019,TV-PG,5.8,3428,"Comedy, Drama, Romance",2019,movie,y,good sam,dete meserve,good sam,Netflix,3.87,y
Otherhood,02/08/2019,R,6.1,12882,Comedy,2019,movie,y,whatever makes you happy,william sutcliffe,whatever makes you happy,Netflix,3.32,y
In the Tall Grass,04/10/2019,TV-MA,5.5,72772,"Horror, Mystery, Sci-Fi",2019,movie,y,in the tall grass,stephen king & joe hill,in the tall grass,Netflix,3.62,y
The King,01/11/2019,R,7.3,175443,"Biography, Drama, History",2019,movie,y,henry iv part 1; henry iv part 2; henry v,william shakespeare,henry iv part 1; henry iv part 2; henry v,Netflix,4.24,y
Let It Snow,08/11/2019,PG-13,5.9,25769,"Comedy, Romance",2019,movie,y,let it snow: three holiday romances,"john green, maureen johnson & lauren myracle",let it snow: three holiday romances,Netflix,3.65,y
Earthquake Bird,15/11/2019,R,6,16351,"Crime, Drama, Mystery",2019,movie,y,earthquake bird,susanna jones,earthquake bird,Netflix,3.39,y
The Irishman,27/11/2019,R,7.8,468945,"Biography, Crime, Drama",2019,movie,y,i heard you paint houses,charles brandt,i heard you paint houses,Netflix,4.11,y
To All the Boys: P.S. I Still Love You,12/02/2020,TV-14,6.1,52772,"Comedy, Drama, Romance",2020,movie,y,p.s. i still love you,jenny han,p.s. i still love you,Netflix,4,y
The Last Thing He Wanted,21/02/2020,R,4.4,17030,"Crime, Drama, Mystery",2020,movie,y,the last thing he wanted,joan didion,the last thing he wanted,Netflix,3.42,y
All the Bright Places,28/02/2020,TV-MA,6.6,42771,"Drama, Romance",2020,movie,y,all the bright places,jennifer niven,all the bright places,Netflix,4.11,y
Spenser Confidential,06/03/2020,R,6.2,104112,"Action, Comedy, Crime",2020,movie,y,spenser,robert b. parker,spenser,Netflix,3.93,y
Lost Girls,13/03/2020,R,6.2,26045,"Crime, Drama, Mystery",2020,movie,y,lost girls: an unsolved american mystery,robert kolker,lost girls: an unsolved american mystery,Netflix,3.62,y
Sergio,17/04/2020,R,6.2,11489,"Biography, Drama, History",2020,movie,y,chasing the flame: sergio vieira de mello and the fight to save the world,samantha power,chasing the flame: sergio vieira de mello and the fight to save the world,Netflix,4.35,y
The Willoughbys,22/04/2020,PG,6.4,22652,"Animation, Adventure, Comedy",2020,movie,y,the willoughbys,lois lowry,the willoughbys,Netflix,3.81,y
Dangerous Lies,30/04/2020,TV-14,5.4,19148,"Crime, Mystery, Thriller",2020,movie,y,dangerous lies,becca fitzpatrick,dangerous lies,Netflix,3.81,y
The Old Guard,10/07/2020,R,6.7,208963,"Action, Thriller",2020,movie,y,the old guard,greg rucka & leandro fernÃ¡ndez,the old guard,Netflix,4,y
Offering to the Storm,24/07/2020,TV-MA,6.2,7891,"Crime, Mystery, Thriller",2020,movie,y,offering to the storm,dolores redondo,offering to the storm,Netflix,4.14,y
The Kissing Booth 2,24/07/2020,TV-14,5.7,43289,"Comedy, Romance",2020,movie,y,the kissing booth 2: going the distance,beth reekles,the kissing booth 2: going the distance,Netflix,3.65,y
Gunjan Saxena: The Kargil Girl,12/08/2020,TV-14,5.6,36171,"Action, Biography, Drama",2020,movie,y,the kargil girl,gunjan saxena & pooja pradhan,the kargil girl,Netflix,4.29,y
The Crimes That Bind,20/08/2020,TV-14,6.7,4640,"Crime, Drama, Thriller",2020,movie,y,the crimes that bind,dolores redondo,the crimes that bind,Netflix,4.04,y
"Love, Guaranteed",03/09/2020,TV-PG,5.6,19823,"Comedy, Romance",2020,movie,y,love guaranteed,rachel leigh,love guaranteed,Netflix,,n
I'm Thinking of Ending Things,04/09/2020,R,6.5,109113,"Drama, Thriller",2020,movie,y,i'm thinking of ending things,iain reid,i'm thinking of ending things,Netflix,3.5,y
The Devil All the Time,16/09/2020,R,7.1,167659,"Crime, Drama, Thriller",2020,movie,y,the devil all the time,donald ray pollock,the devil all the time,Netflix,4.14,y
A Babysitter's Guide to Monster Hunting,15/10/2020,TV-PG,5.4,5327,"Comedy, Family, Fantasy",2020,movie,y,a babysitterâ€™s guide to monster hunting,joe ballarini,a babysitterâ€™s guide to monster hunting,Netflix,3.92,y
Rebecca,21/10/2020,PG-13,6.1,50574,"Drama, Mystery, Romance, Thriller",2020,movie,y,rebecca,daphne du maurier,rebecca,Netflix,4.25,y
The Life Ahead,13/11/2020,PG-13,6.8,15748,Drama,2020,movie,y,the life before us,romain gary,the life before us,Netflix,4.23,y
Hillbilly Elegy,24/11/2020,R,6.7,58387,"Biography, Drama",2020,movie,y,hillbilly elegy: a memoir of a family and culture in crisis,j. d. vance,hillbilly elegy: a memoir of a family and culture in crisis,Netflix,3.83,y
Notes for My Son,24/11/2020,TV-MA,6.5,1047,Drama,2020,movie,y,notes for my son,shiori ito,notes for my son,Netflix,,n
Ma Rainey's Black Bottom,18/12/2020,R,6.9,77154,"Drama, Music",2020,movie,y,ma raineyâ€™s black bottom,august wilson,ma raineyâ€™s black bottom,Netflix,4.01,y
The White Tiger,22/01/2021,R,7.1,67626,"Crime, Drama",2021,movie,y,the white tiger,aravind adiga,the white tiger,Netflix,3.77,y
The Dig,29/01/2021,PG-13,7.1,86907,"Biography, Drama, History",2021,movie,y,the dig,john preston,the dig,Netflix,3.67,y
To All the Boys: Always and Forever,12/02/2021,TV-14,6.3,37385,"Comedy, Drama, Romance",2021,movie,y,always and forever lara jean,jenny han,always and forever lara jean,Netflix,3.99,y
The Girl on the Train,26/02/2021,R,6.5,206094,"Crime, Drama, Mystery",2016,movie,y,the girl on the train,paula hawkins,the girl on the train,Netflix,3.96,y
Moxie,03/03/2021,PG-13,6.7,30499,"Comedy, Drama",2021,movie,y,moxie,jennifer mathieu,moxie,Netflix,4.18,y
A Week Away,26/03/2021,TV-PG,5.8,5986,"Drama, Family, Musical",2021,movie,y,a week away,kali bailey,a week away,Netflix,,n
Things Heard & Seen,29/04/2021,TV-MA,5.3,40153,"Drama, Horror, Mystery",2021,movie,y,all things cease to appear,elizabeth brundage,all things cease to appear,Netflix,3.7,y
Monster,07/05/2021,,6.5,7413,"Crime, Drama",2021,movie,y,monster,walter dean myers,monster,Netflix,3.73,y
The Woman in the Window,14/05/2021,R,5.7,87890,"Crime, Drama, Mystery",2021,movie,y,the woman in the window,a. j. finn,the woman in the window,Netflix,3.94,y
Nightbooks,15/09/2021,TV-PG,5.8,11437,"Family, Fantasy, Horror",2021,movie,y,nightbooks,j. a. white,night,Netflix,3.99,y
No One Gets Out Alive,29/09/2021,R,5.4,24335,"Drama, Horror, Mystery",2021,movie,y,no one gets out alive,adam nevill,no one gets out alive,Netflix,3.94,y
There's Someone Inside Your House,06/10/2021,TV-MA,4.9,21791,"Horror, Mystery, Thriller",2021,movie,y,thereâ€™s someone inside your house,stephanie perkins,thereâ€™s someone inside your house,Netflix,3.39,y
Fever Dream,13/10/2021,R,5.5,2487,"Drama, Horror, Mystery",2021,movie,y,fever dream,samanta schweblin,fever dream,Netflix,3.73,y
Passing,10/11/2021,PG-13,6.6,17403,"Drama, Mystery, Thriller",2021,movie,y,passing,nella larsen,passing,Netflix,3.91,y
Red Notice,12/11/2021,PG-13,6.3,353719,"Action, Comedy, Thriller",2021,movie,y,red notice: a true story of high finance murder and one manâ€™s fight for justice,bill browder,red notice: a true story of high finance murder and one manâ€™s fight for justice,Netflix,4.44,y
The Power of the Dog,01/12/2021,R,6.8,202835,"Drama, Western",2021,movie,y,the power of the dog,thomas savage,the power of the dog,Netflix,4.17,y
Through My Window,04/02/2022,TV-MA,5.5,23657,"Comedy, Drama, Romance",2022,movie,y,through my window,ariana godoy,through my window,Netflix,3.33,y
Against the Ice,02/03/2022,TV-MA,6.5,30351,"Adventure, Drama, History",2022,movie,y,two against the ice,ejnar mikkelsen,two against the ice,Netflix,4.14,y
Rescued by Ruby,17/03/2022,TV-G,7.2,12251,"Biography, Drama, Family",2022,movie,y,dog named ruby,karen kingsbury,dog named ruby,Netflix,4.28,y
Cobalt Blue,02/04/2022,TV-MA,6.5,2584,"Drama, Romance",2022,movie,y,cobalt blue,sachin kundalkar,cobalt blue,Netflix,3.94,y
365 Days: This Day,27/04/2022,TV-MA,2.7,27939,"Drama, Romance",2022,movie,y,this day,blanka lipiÅ„ska,this day,Netflix,3.38,y
Along for the Ride,06/05/2022,TV-14,6.2,9992,"Drama, Romance",2022,movie,y,along for the ride,sarah dessen,along for the ride,Netflix,4.03,y
Love & Gelato,22/06/2022,TV-15,5.2,7435,"Comedy, Drama, Romance",2022,movie,y,love & gelato,jenna evans welch,love & gelato,Netflix,4.02,y
"Hello, Goodbye, and Everything in Between",06/07/2022,TV-14,5.2,4744,"Comedy, Drama, Romance",2022,movie,y,hello goodbye and everything in between,jennifer e. smith,hello goodbye and everything in between,Netflix,3.53,y
Dangerous Liaisons,08/07/2022,TV-MA,4.2,2745,"Drama, Romance",2022,movie,y,les liaisons dangereuses,pierre choderlos de laclos,les liaisons dangereuses,Netflix,4.05,y
Persuasion,15/07/2022,PG,5.8,37238,"Drama, Romance",2022,movie,y,persuasion,jane austen,persuasion,Netflix,4.15,y
The Gray Man,22/07/2022,PG-13,6.5,272240,"Action, Mystery, Thriller",2022,movie,y,the gray man,mark greaney,the gray man,Netflix,4.16,y
Purple Hearts,29/07/2022,TV-14,6.7,67081,"Drama, Music, Romance",2022,movie,y,purple hearts,tess wakefield,purple hearts,Netflix,3.45,y
Look Both Ways,17/08/2022,TV-14,6.3,26401,"Comedy, Drama, Fantasy",2022,movie,y,look both ways,jason reynolds,look both ways,Netflix,3.92,y
The Next 365 Days,19/08/2022,TV-MA,2.9,12011,"Drama, Romance",2022,movie,y,this day,blanka lipiÅ„ska,this day,Netflix,3.41,y
Blonde,28/09/2022,NC-17,5.4,77747,"Drama, History",2022,movie,y,blonde,joyce carol oates,blonde,Netflix,3.92,y
Mr. Harrigan's Phone,05/10/2022,PG-13,6,43846,"Drama, Horror, Mystery",2022,movie,y,if it bleeds,stephen king,if it bleeds,Netflix,3.97,y
Luckiest Girl Alive,07/10/2022,R,6.4,58980,"Drama, Mystery, Thriller",2022,movie,y,luckiest girl alive,jessica knoll,luckiest girl alive,Netflix,3.54,y
The School for Good and Evil,19/10/2022,PG-13,5.9,41556,"Action, Comedy, Drama",2022,movie,y,the school for good and evil,soman chainani,the school for good and evil,Netflix,3.99,y
The Stranger,19/10/2022,TV-MA,6.6,30769,"Crime, Drama, Thriller",2022,movie,y,the stranger,harlan coben,the stranger,Netflix,3.9,y
The Good Nurse,26/10/2022,R,6.8,86888,"Biography, Crime, Drama",2022,movie,y,the good nurse,charles graeber,the good nurse,Netflix,3.86,y
All Quiet on the Western Front,28/10/2022,R,7.8,310448,"Drama, History, War",2022,movie,y,all quiet on the western front,erich maria remarque,all quiet on the western front,Netflix,4.12,y
The Wonder,16/11/2022,R,6.6,48691,"Drama, Mystery, Thriller",2022,movie,y,the wonder,emma donoghue,the wonder,Netflix,3.65,y
The Noel Diary,24/11/2022,TV-14,6.2,20986,"Comedy, Drama, Romance",2022,movie,y,the noel diary,richard paul evans,the noel diary,Netflix,4.14,y
Lady Chatterley's Lover,02/12/2022,R,6.6,26594,"Drama, Romance",2022,movie,y,lady chatterleyâ€™s lover,d. h. lawrence,lady chatterleyâ€™s lover,Netflix,3.5,y
Scrooge: A Christmas Carol,02/12/2022,TV-Y7,6.2,8691,"Animation, Adventure, Comedy",2022,movie,y,a christmas carol,charles dickens,a christmas carol,Netflix,4.09,y
Guillermo del Toro's Pinocchio,09/12/2022,PG,7.6,142865,"Animation, Adventure, Drama",2022,movie,y,the adventures of pinocchio,carlo collodi,the adventures of pinocchio,Netflix,3.84,y
White Noise,30/12/2022,R,5.7,47823,"Comedy,Drama, Horror, Mystery",2022,movie,y,white noise,don delillo,white noise,Netflix,3.86,y
Ivy + Bean,02/09/2022,TV-G,6,426,"Action, Comedy, Family",2022,movie,y,ivy + bean,annie barrows,ivy + bean,Netflix,3.96,y
The Pale Blue Eye,06/01/2023,R,6.6,139243,"Crime, Horror, Mystery",2022,movie,y,the pale blue eye,louis bayard,the pale blue eye,Netflix,3.8,y
Dog Gone,13/01/2023,TV-PG,6.1,7023,"Biography, Drama, Family",2023,movie,y,dog gone: a lost pet's extraordinary journey,pauls toutonghi,dog gone: a lost pet's extraordinary journey,Netflix,3.87,y
True Spirit,03/02/2023,TV-PG,6.8,11041,"Adventure, Biography, Drama",2023,movie,y,true spirit: the epic journey of jessica watson,jessica watson,true spirit: the epic journey of jessica watson,Netflix,4.04,y
Dear David,09/02/2023,R,3.9,1763,"Horror, Thriller",2023,movie,y,dear david,adam ellis,dear david,Netflix,,n
The Magician's Elephant,17/03/2023,PG,6.6,6572,"Animation, Adventure, Comedy",2023,movie,y,the magicianâ€™s elephant,kate dicamillo,the magicianâ€™s elephant,Netflix,3.87,y
The Perfect Find,23/06/2023,TV-MA,5.2,3714,"Comedy, Drama, Romance",2023,movie,y,the perfect find,tia williams,the perfect find,Netflix,3.95,y
Nimona,30/06/2023,PG,7.5,59981,"Animation, Action, Adventure",2023,movie,y,nimona,nd stevenson,nimona,Netflix,4.18,y
Happiness for Beginners,27/07/2023,TV-14,6.1,21453,"Comedy, Drama, Romance",2023,movie,y,happiness for beginners,katherine center,happiness for beginners,Netflix,4.03,y
Zom 100: Bucket List of the Dead,03/08/2023,TV-MA,7.3,12639,"Animation, Action, Adventure",2023,series,y,zom 100: bucket list of the dead,haro aso,zom 100: bucket list of the dead,Netflix,4.02,y
The Monkey King,18/08/2023,PG,5.8,7601,"Animation, Action, Adventure",2023,movie,y,journey to the west,wu chengâ€™en,journey to the west,Netflix,4.04,y
Killer Book Club,25/08/2023,TV-MA,4.6,5436,"Horror, Thriller",2023,movie,y,el club de los lectores criminales,carlos garcÃ­a miranda,el club de los lectores criminales,Netflix,3.5,y
You Are So Not Invited to My Bat Mitzvah,25/08/2023,PG-13,6,25716,Comedy,2023,movie,y,you are so not invited to my bat mitzvah!,fiona rosenbloom,you are so not invited to my bat mitzvah!,Netflix,3.67,y
Ehrengard: The Art of Seduction,14/09/2023,TV-MA,5.8,3285,"Comedy, Drama, Romance",2023,movie,y,ehrengard,karen blixen,ehrengard,Netflix,3.94,y
Love at First Sight,15/09/2023,PG-13,6.8,39628,"Drama, Romance",2023,movie,y,the statistical probability of love at first sight,jennifer e. smith,the statistical probability of love at first sight,Netflix,3.74,y
Jaane Jaan,21/09/2023,TV-MA,7,16208,"Crime, Drama, Mystery",2023,movie,y,the devotion of suspect x,keigo higashino,the devotion of suspect x,Netflix,4.17,y
The Black Book,22/09/2023,TV-MA,5.3,1459,Thriller,2023,movie,y,the black book,james patterson,the black book,Netflix,4.28,y
Nyad,03/11/2023,PG-13,7.1,43322,"Biography, Drama, Sport",2023,movie,y,find a way,diana nyad,find a way,Netflix,4.2,y
The Archies,07/12/2023,TV-14,4.2,53068,"Comedy, Drama, Musical",2023,movie,y,the archies,bob montana,the archies,Netflix,,n
Leave the World Behind,08/12/2023,R,6.4,238837,"Drama, Mystery, Thriller",2023,movie,y,leave the world behind,rumaan alam,leave the world behind,Netflix,3.14,y
Stamped from the Beginning,20/11/2023,R,6.7,1394,Documentary,2023,movie,y,stamped from the beginning: the definitive history of racist ideas in america,ibram x. kendi,stamped from the beginning: the definitive history of racist ideas in america,Netflix,4.53,y
The Wonderful Story of Henry Sugar,27/09/2023,PG,7.4,87169,"Short, Adventure, Comedy",2023,movie,y,the wonderful story of henry sugar and six more,roald dahl,the wonderful story of henry sugar and six more,Netflix,4.12,y
The Swan,28/09/2023,PG,6.7,23580,"Short, Comedy, Drama",2023,movie,y,the swan,roald dahl,the swan,Netflix,4.12,y
The Rat Catcher,29/09/2023,PG,6.5,24191,"Short, Comedy",2023,movie,y,the rat catcher,roald dahl,the rat catcher,Netflix,4.12,y
Poison,30/09/2023,PG,6.8,26596,"Short, Comedy, Drama",2023,movie,y,poison,roald dahl,poison,Netflix,4.12,y
Society of the Snow,04/01/2024,R,7.8,170929,"Adventure, Biography, Drama",2023,movie,y,la sociedad de la nieve,pablo vierci,la sociedad de la nieve,Netflix,4.56,y
Orion and the Dark,02/02/2024,TV-Y7,6.3,18691,"Animation, Adventure, Comedy",2024,movie,y,orion and the dark,emma yarlett,orion and the dark,Netflix,4.26,y
My Name Is Loh Kiwan,01/03/2024,TV-MA,6.7,4294,"Drama, Romance",2024,movie,y,i met loh kiwan,cho hae-jin,i met loh kiwan,Netflix,3.89,y
Spaceman,01/03/2024,R,5.7,45545,"Adventure, Drama, Romance",2024,movie,y,spaceman of bohemia,jaroslav kalfaÅ™,spaceman of bohemia,Netflix,3.8,y
24 Hours with Gaspar,14/03/2024,TV-MA,4.8,564,"Action, Crime, Drama",2023,movie,y,24 jam bersama gaspar,sabda armandio,24 jam bersama gaspar,Netflix,3.79,y
Murder Mubarak,15/03/2024,TV-MA,5.8,50865,"Comedy, Mystery, Romance",2024,movie,y,club you to death,anuja chauhan,club you to death,Netflix,3.58,y
The Wonderful Story of Henry Sugar and Three More,15/03/2024,TV-PG,7.1,8675,"Comedy, Drama, Fantasy",2024,movie,y,the wonderful story of henry sugar and six more,roald dahl,the wonderful story of henry sugar and six more,Netflix,4.12,y
Heart of the Hunter,29/03/2024,TV-MA,4.7,2221,"Action, Thriller",2024,movie,y,heart of the hunter,deon meyer,heart of the hunter,Netflix,4.02,y
The Wages of Fear,29/03/2024,TV-MA,4.6,4565,"Action, Adventure, Drama, Thriller",2024,movie,y,le salaire de la peur,georges arnaud,le salaire de la peur,Netflix,3.68,y
The Tearsmith,04/04/2024,TV-MA,5.2,11848,"Drama, Fantasy, Romance",2024,movie,y,fabbricante di lacrime,erin doom,fabbricante di lacrime,Netflix,3.58,y
Scoop,05/04/2024,TV-14,6.5,22205,"Biography, Drama",2024,movie,y,scoops: behind the scenes of the bbcâ€™s most shocking interviews,sam mcalister,scoops: behind the scenes of the bbcâ€™s most shocking interviews,Netflix,4.11,y
City Hunter,25/04/2024,TV-MA,6.3,6216,"Action, Comedy, Crime, Mystery, Romance, Sci-Fi",2024,movie,y,city hunter,tsukasa hojo,city hunter,Netflix,4.04,y
Thelma the Unicorn,17/05/2024,PG,5.7,3356,"Animation, Adventure, Comedy",2024,movie,y,thelma the unicorn,aaron blabey,thelma the unicorn,Netflix,4.2,y
The Price of Nonna's Inheritance,04/06/2024,TV-MA,5.3,1057,Comedy,2024,movie,y,the price of nonnaâ€™s inheritance,caroline mitchell,the price of nonnaâ€™s inheritance,Netflix,,n
Uglies,13/09/2024,PG-13,4.7,36449,"Action, Adventure, Drama",2024,movie,y,uglies,scott westerfeld,uglies,Netflix,3.84,y
Sweet Bobby: My Catfish Nightmare,16/10/2024,TV-14,6.2,6023,Documentary,2024,movie,y,sweet bobby: my catfish nightmare,kirat assi,sweet bobby: my catfish nightmare,Netflix,,n
Ad Vitam,10/01/2025,TV-MA,5.9,10583,"Action, Crime, Drama",2025,movie,y,ad vitam,serge ravinel,ad vitam,Netflix,,n
The Witcher: Sirens of the Deep,11/02/2025,TV-MA,6.1,10205,"Animation, Action, Adventure",2025,movie,y,a little sacrifice,andrzej sapkowski,a little sacrifice,Netflix,4.1,y
A Copenhagen Love Story,26/02/2025,,6.3,2137,"Drama, Romance",2025,movie,y,sult,tine hÃ¸eg,sult,Netflix,4.31,y
The Electric State,14/03/2025,PG-13,5.9,82615,"Action, Adventure, Comedy",2025,movie,y,the electric state,simon stÃ¥lenhag,the electric state,Netflix,4.34,y
Little Siberia,21/03/2025,TV-MA,5.1,1522,"Comedy, Drama, Thriller",2025,movie,y,little siberia,antti tuomainen,little siberia,Netflix,3.69,y
The Life List,28/03/2025,PG-13,6.8,36060,"Comedy, Drama, Romance",2025,movie,y,the life list,lori nelson spielman,the life list,Netflix,4.06,y
Fear Street: Prom Queen,23/05/2025,R,5.1,20920,"Horror, Mystery, Thriller",2025,movie,y,the prom queen,r. l. stine,the prom queen,Netflix,3.71,y
The Old Guard 2,02/07/2025,R,5.1,44143,"Action, Adventure, Fantasy",2025,movie,y,the old guard,greg rucka & leandro fernÃ¡ndez,the old guard,Netflix,3.99,y
My Oxford Year,01/08/2025,PG-13,5.9,27866,"Comedy, Drama, Romance",2025,movie,y,my oxford year,julia whelan,my oxford year,Netflix,3.86,y
Night Always Comes,15/08/2025,R,5.9,15155,"Crime, Drama, Thriller",2025,movie,y,the night always comes,willy vlautin,the night always comes,Netflix,3.83,y
The Thursday Murder Club,28/08/2025,PG-13,6.5,85808,"Comedy, Crime, Mystery",2025,movie,y,the thursday murder club,richard osman,the thursday murder club,Netflix,3.85,y
Inspector Zende,05/09/2025,TV-MA,5.8,3096,"Comedy, Crime",2025,movie,y,mumbai's most wanted,madhukar zende,mumbai's most wanted,Netflix,4.06,y
Ruth & Boaz,26/09/2025,TV-14,6,2599,"Drama, Romance",2025,movie,y,ruth and boaz: strangers in the land,terri l. fivash,ruth and boaz: strangers in the land,Netflix,4.49,y
Steve,03/10/2025,R,6.4,19078,Drama,2025,movie,y,shy,max porter,shy,Netflix,3.56,y
The Woman in Cabin 10,10/10/2025,R,5.8,65603,"Drama, Mystery, Thriller",2025,movie,y,the woman in cabin 10,ruth ware,the woman in cabin 10,Netflix,3.71,y
27 Nights,17/10/2025,TV-MA,6.4,1513,"Comedy, Drama",2025,movie,y,veintisiete noches,natalia zito,veintisiete noches,Netflix,3.57,y
The Twits,17/10/2025,PG,4.8,1174,"Animation, Adventure, Comedy",2025,movie,y,the twits,roald dahl,the twits,Netflix,4.12,y
Ballad of a Small Player,29/10/2025,R,5.9,23032,"Crime, Drama, Mystery",2025,movie,y,the ballad of a small player,lawrence osborne,the ballad of a small player,Netflix,3.5,y
Frankenstein,07/11/2025,R,7.4,308622,"Drama, Fantasy, Horror",2025,movie,y,frankenstein,mary shelley,frankenstein,Netflix,3.92,y
Train Dreams,21/11/2025,PG-13,7.5,101824,Drama,2025,movie,y,train dreams,denis johnson,train dreams,Netflix,3.87,y
Chaos: The Manson Murders,07/03/2025,TV-MA,5.6,3220,"Documentary, Crime",2025,movie,y,chaos: charles manson the cia and the secret history of the sixties,tom o'neill & dan piepenbring,chaos: charles manson the cia and the secret history of the sixties,Netflix,4.04,y
Latin Blood - The Ballad of Ney Matogrosso,17/06/2025,TV-MA,7.8,5369,"Biography, Drama, Music",2025,movie,y,ney matogrosso: a biografia,julio maria,ney matogrosso: a biografia,Netflix,4.28,y
Dr. Seuss's The Sneetches,03/11/2025,TV-G,6.1,125,"Animation, Adventure, Comedy",2025,movie,y,the sneetches and other stories,dr. seuss,the sneetches and other stories,Netflix,4.31,y
Je m'appelle Agneta,29/04/2026,TV-MA,6.7,1637,Comedy,2026,movie,y,jag heter agneta,emma hamberg,jag heter agneta,Netflix,3.77,y
Remarkably Bright Creatures,08/05/2026,PG-13,7.8,11826,"Comedy, Drama",2026,movie,y,remarkably bright creatures,shelby van pelt,remarkably bright creatures,Netflix,4.36,y
